time,precip_mm_hr
2021-01-01 00:00:00,0.049384926
2021-01-01 01:00:00,8.472125e-05
2021-01-01 02:00:00,9.4703864e-05
2021-01-01 03:00:00,9.458745e-05
2021-01-01 04:00:00,9.458745e-05
2021-01-01 05:00:00,9.458745e-05
2021-01-01 06:00:00,9.4412826e-05
2021-01-01 07:00:00,9.4412826e-05
2021-01-01 08:00:00,9.4412826e-05
2021-01-01 09:00:00,9.4412826e-05
2021-01-01 10:00:00,9.4412826e-05
2021-01-01 11:00:00,9.522773e-05
2021-01-01 12:00:00,9.522773e-05
2021-01-01 13:00:00,9.522773e-05
2021-01-01 14:00:00,9.522773e-05
2021-01-01 15:00:00,9.522773e-05
2021-01-01 16:00:00,9.522773e-05
2021-01-01 17:00:00,9.5460564e-05
2021-01-01 18:00:00,9.49949e-05
2021-01-01 19:00:00,9.49949e-05
2021-01-01 20:00:00,0.000110361725
2021-01-01 21:00:00,0.0004954636
2021-01-01 22:00:00,0.0011897646
2021-01-01 23:00:00,0.0017634593
2021-01-02 00:00:00,0.0048866495
2021-01-02 01:00:00,0.0075405696
2021-01-02 02:00:00,0.016891688
2021-01-02 03:00:00,0.024117064
2021-01-02 04:00:00,0.027978443
2021-01-02 05:00:00,0.031531673
2021-01-02 06:00:00,0.039806824
2021-01-02 07:00:00,0.11073077
2021-01-02 08:00:00,0.32722282
2021-01-02 09:00:00,0.6699046
2021-01-02 10:00:00,0.9515387
2021-01-02 11:00:00,1.1593419
2021-01-02 12:00:00,1.3003719
2021-01-02 13:00:00,1.4135602
2021-01-02 14:00:00,1.5383325
2021-01-02 15:00:00,1.7030053
2021-01-02 16:00:00,1.8899066
2021-01-02 17:00:00,2.105073
2021-01-02 18:00:00,2.3411283
2021-01-02 19:00:00,2.4817727
2021-01-02 20:00:00,2.6112242
2021-01-02 21:00:00,2.7521017
2021-01-02 22:00:00,2.910099
2021-01-02 23:00:00,3.0682254
2021-01-03 00:00:00,3.2126093
2021-01-03 01:00:00,0.1345453
2021-01-03 02:00:00,0.28207096
2021-01-03 03:00:00,0.46825004
2021-01-03 04:00:00,0.74059355
2021-01-03 05:00:00,1.0273392
2021-01-03 06:00:00,1.4258463
2021-01-03 07:00:00,1.8686421
2021-01-03 08:00:00,2.2959359
2021-01-03 09:00:00,2.6694689
2021-01-03 10:00:00,3.114798
2021-01-03 11:00:00,3.4755578
2021-01-03 12:00:00,3.8291802
2021-01-03 13:00:00,4.184322
2021-01-03 14:00:00,4.4615436
2021-01-03 15:00:00,4.656947
2021-01-03 16:00:00,4.836959
2021-01-03 17:00:00,4.9760485
2021-01-03 18:00:00,5.1535735
2021-01-03 19:00:00,5.2124953
2021-01-03 20:00:00,5.2594075
2021-01-03 21:00:00,5.3085732
2021-01-03 22:00:00,5.38264
2021-01-03 23:00:00,5.4757075
2021-01-04 00:00:00,5.561205
2021-01-04 01:00:00,0.048050657
2021-01-04 02:00:00,0.11404638
2021-01-04 03:00:00,0.18427591
2021-01-04 04:00:00,0.22276908
2021-01-04 05:00:00,0.28414083
2021-01-04 06:00:00,0.38676733
2021-01-04 07:00:00,0.48417097
2021-01-04 08:00:00,0.5975704
2021-01-04 09:00:00,0.7308756
2021-01-04 10:00:00,0.8057951
2021-01-04 11:00:00,0.85772526
2021-01-04 12:00:00,0.92351246
2021-01-04 13:00:00,1.0118475
2021-01-04 14:00:00,1.1578035
2021-01-04 15:00:00,1.3886657
2021-01-04 16:00:00,1.6677444
2021-01-04 17:00:00,2.1641605
2021-01-04 18:00:00,2.787053
2021-01-04 19:00:00,3.74832
2021-01-04 20:00:00,4.8217106
2021-01-04 21:00:00,6.0806694
2021-01-04 22:00:00,7.1715674
2021-01-04 23:00:00,8.399969
2021-01-05 00:00:00,9.624575
2021-01-05 01:00:00,1.057857
2021-01-05 02:00:00,2.186421
2021-01-05 03:00:00,3.237
2021-01-05 04:00:00,4.052855
2021-01-05 05:00:00,4.888235
2021-01-05 06:00:00,5.78028
2021-01-05 07:00:00,6.896146
2021-01-05 08:00:00,8.054872
2021-01-05 09:00:00,9.266058
2021-01-05 10:00:00,10.495533
2021-01-05 11:00:00,11.765504
2021-01-05 12:00:00,13.03167
2021-01-05 13:00:00,14.232713
2021-01-05 14:00:00,15.373899
2021-01-05 15:00:00,16.424778
2021-01-05 16:00:00,17.602222
2021-01-05 17:00:00,18.816235
2021-01-05 18:00:00,19.991013
2021-01-05 19:00:00,21.230953
2021-01-05 20:00:00,22.471134
2021-01-05 21:00:00,23.54038
2021-01-05 22:00:00,24.41423
2021-01-05 23:00:00,25.469643
2021-01-06 00:00:00,26.644508
2021-01-06 01:00:00,1.334517
2021-01-06 02:00:00,2.7992468
2021-01-06 03:00:00,4.2894998
2021-01-06 04:00:00,5.823539
2021-01-06 05:00:00,7.1264744
2021-01-06 06:00:00,8.260363
2021-01-06 07:00:00,9.65954
2021-01-06 08:00:00,10.855626
2021-01-06 09:00:00,11.731861
2021-01-06 10:00:00,12.258915
2021-01-06 11:00:00,12.5407295
2021-01-06 12:00:00,12.656238
2021-01-06 13:00:00,12.683988
2021-01-06 14:00:00,12.6908045
2021-01-06 15:00:00,12.693005
2021-01-06 16:00:00,12.693584
2021-01-06 17:00:00,12.693914
2021-01-06 18:00:00,12.694357
2021-01-06 19:00:00,12.694586
2021-01-06 20:00:00,12.6947975
2021-01-06 21:00:00,12.695065
2021-01-06 22:00:00,12.695293
2021-01-06 23:00:00,12.695509
2021-01-07 00:00:00,12.695747
2021-01-07 01:00:00,0.00017507409
2021-01-07 02:00:00,0.00037200516
2021-01-07 03:00:00,0.0005554757
2021-01-07 04:00:00,0.0006562914
2021-01-07 05:00:00,0.00065844506
2021-01-07 06:00:00,0.00065821223
2021-01-07 07:00:00,0.00065821223
2021-01-07 08:00:00,0.00065821223
2021-01-07 09:00:00,0.00065821223
2021-01-07 10:00:00,0.00065821223
2021-01-07 11:00:00,0.0007241033
2021-01-07 12:00:00,0.0016877893
2021-01-07 13:00:00,0.0050161034
2021-01-07 14:00:00,0.010974938
2021-01-07 15:00:00,0.017882325
2021-01-07 16:00:00,0.024351059
2021-01-07 17:00:00,0.030864729
2021-01-07 18:00:00,0.03578025
2021-01-07 19:00:00,0.036027983
2021-01-07 20:00:00,0.036312267
2021-01-07 21:00:00,0.03707083
2021-01-07 22:00:00,0.039141625
2021-01-07 23:00:00,0.043182634
2021-01-08 00:00:00,0.049075577
2021-01-08 01:00:00,0.006645132
2021-01-08 02:00:00,0.013255805
2021-01-08 03:00:00,0.018956956
2021-01-08 04:00:00,0.023191562
2021-01-08 05:00:00,0.025660265
2021-01-08 06:00:00,0.02669578
2021-01-08 07:00:00,0.026735127
2021-01-08 08:00:00,0.027234782
2021-01-08 09:00:00,0.033696882
2021-01-08 10:00:00,0.05928008
2021-01-08 11:00:00,0.07599895
2021-01-08 12:00:00,0.09991066
2021-01-08 13:00:00,0.12021581
2021-01-08 14:00:00,0.12721191
2021-01-08 15:00:00,0.13003685
2021-01-08 16:00:00,0.13179317
2021-01-08 17:00:00,0.13247398
2021-01-08 18:00:00,0.1330961
2021-01-08 19:00:00,0.13372359
2021-01-08 20:00:00,0.1341925
2021-01-08 21:00:00,0.13460927
2021-01-08 22:00:00,0.13487284
2021-01-08 23:00:00,0.13520485
2021-01-09 00:00:00,0.13567424
2021-01-09 01:00:00,0.0004384783
2021-01-09 02:00:00,0.0005158945
2021-01-09 03:00:00,0.00056478893
2021-01-09 04:00:00,0.0005776528
2021-01-09 05:00:00,0.00057776924
2021-01-09 06:00:00,0.00057776924
2021-01-09 07:00:00,0.00057776924
2021-01-09 08:00:00,0.00057776924
2021-01-09 09:00:00,0.00057776924
2021-01-09 10:00:00,0.00057776924
2021-01-09 11:00:00,0.00057776924
2021-01-09 12:00:00,0.0014369842
2021-01-09 13:00:00,0.0014369842
2021-01-09 14:00:00,0.0014418736
2021-01-09 15:00:00,0.0014649238
2021-01-09 16:00:00,0.001493562
2021-01-09 17:00:00,0.0015308149
2021-01-09 18:00:00,0.0019785948
2021-01-09 19:00:00,0.0019848347
2021-01-09 20:00:00,0.0019848347
2021-01-09 21:00:00,0.0019848347
2021-01-09 22:00:00,0.002408463
2021-01-09 23:00:00,0.0024043655
2021-01-10 00:00:00,0.002413988
2021-01-10 01:00:00,0.0
2021-01-10 02:00:00,0.0
2021-01-10 03:00:00,0.0
2021-01-10 04:00:00,0.0
2021-01-10 05:00:00,0.0
2021-01-10 06:00:00,0.0
2021-01-10 07:00:00,0.00042617318
2021-01-10 08:00:00,0.00042617318
2021-01-10 09:00:00,0.00042617318
2021-01-10 10:00:00,0.00042617318
2021-01-10 11:00:00,0.00042617318
2021-01-10 12:00:00,0.0012859701
2021-01-10 13:00:00,0.0012859701
2021-01-10 14:00:00,0.0012834971
2021-01-10 15:00:00,0.0012834971
2021-01-10 16:00:00,0.0012834971
2021-01-10 17:00:00,0.0012927231
2021-01-10 18:00:00,0.0012927231
2021-01-10 19:00:00,0.0012927231
2021-01-10 20:00:00,0.0012927231
2021-01-10 21:00:00,0.0012927231
2021-01-10 22:00:00,0.0012927231
2021-01-10 23:00:00,0.0012927231
2021-01-11 00:00:00,0.0012927231
2021-01-11 01:00:00,0.0
2021-01-11 02:00:00,0.0
2021-01-11 03:00:00,0.0
2021-01-11 04:00:00,0.0
2021-01-11 05:00:00,0.0
2021-01-11 06:00:00,0.0
2021-01-11 07:00:00,0.0
2021-01-11 08:00:00,0.0
2021-01-11 09:00:00,0.0
2021-01-11 10:00:00,0.0
2021-01-11 11:00:00,0.0
2021-01-11 12:00:00,0.0
2021-01-11 13:00:00,0.00085234636
2021-01-11 14:00:00,0.00085234636
2021-01-11 15:00:00,0.00085234636
2021-01-11 16:00:00,0.00085234636
2021-01-11 17:00:00,0.00085234636
2021-01-11 18:00:00,0.00085234636
2021-01-11 19:00:00,0.00085234636
2021-01-11 20:00:00,0.00085234636
2021-01-11 21:00:00,0.00085234636
2021-01-11 22:00:00,0.00085234636
2021-01-11 23:00:00,0.001722574
2021-01-12 00:00:00,0.001722574
2021-01-12 01:00:00,0.0
2021-01-12 02:00:00,0.0
2021-01-12 03:00:00,0.0
2021-01-12 04:00:00,0.0
2021-01-12 05:00:00,0.0
2021-01-12 06:00:00,0.0
2021-01-12 07:00:00,0.0
2021-01-12 08:00:00,0.0
2021-01-12 09:00:00,0.0
2021-01-12 10:00:00,0.0
2021-01-12 11:00:00,0.0
2021-01-12 12:00:00,0.00043511385
2021-01-12 13:00:00,0.00043511385
2021-01-12 14:00:00,0.00043511385
2021-01-12 15:00:00,0.00043511385
2021-01-12 16:00:00,0.0012888777
2021-01-12 17:00:00,0.0012844793
2021-01-12 18:00:00,0.0012934207
2021-01-12 19:00:00,0.001716613
2021-01-12 20:00:00,0.001716613
2021-01-12 21:00:00,0.001716613
2021-01-12 22:00:00,0.0025726322
2021-01-12 23:00:00,0.0025726322
2021-01-13 00:00:00,0.0025726322
2021-01-13 01:00:00,0.0
2021-01-13 02:00:00,0.0
2021-01-13 03:00:00,0.0
2021-01-13 04:00:00,0.0
2021-01-13 05:00:00,0.0
2021-01-13 06:00:00,0.0
2021-01-13 07:00:00,0.0
2021-01-13 08:00:00,0.0
2021-01-13 09:00:00,0.0
2021-01-13 10:00:00,0.0
2021-01-13 11:00:00,0.0
2021-01-13 12:00:00,0.0
2021-01-13 13:00:00,0.0
2021-01-13 14:00:00,0.0
2021-01-13 15:00:00,0.0
2021-01-13 16:00:00,0.0
2021-01-13 17:00:00,0.0
2021-01-13 18:00:00,0.0
2021-01-13 19:00:00,0.00085234636
2021-01-13 20:00:00,0.00085234636
2021-01-13 21:00:00,0.00085234636
2021-01-13 22:00:00,0.00085234636
2021-01-13 23:00:00,0.00085234636
2021-01-14 00:00:00,0.00085234636
2021-01-14 01:00:00,0.0
2021-01-14 02:00:00,0.0
2021-01-14 03:00:00,0.0
2021-01-14 04:00:00,0.0
2021-01-14 05:00:00,0.0
2021-01-14 06:00:00,0.0
2021-01-14 07:00:00,0.00085234636
2021-01-14 08:00:00,0.00085234636
2021-01-14 09:00:00,0.00085234636
2021-01-14 10:00:00,0.00085234636
2021-01-14 11:00:00,0.00085677014
2021-01-14 12:00:00,0.0008916948
2021-01-14 13:00:00,0.00094966963
2021-01-14 14:00:00,0.0010502525
2021-01-14 15:00:00,0.0012686476
2021-01-14 16:00:00,0.0018162653
2021-01-14 17:00:00,0.0027699396
2021-01-14 18:00:00,0.0044006854
2021-01-14 19:00:00,0.0062456354
2021-01-14 20:00:00,0.00862889
2021-01-14 21:00:00,0.012506917
2021-01-14 22:00:00,0.018010568
2021-01-14 23:00:00,0.024435762
2021-01-15 00:00:00,0.03060624
2021-01-15 01:00:00,0.007147144
2021-01-15 02:00:00,0.014203601
2021-01-15 03:00:00,0.019488275
2021-01-15 04:00:00,0.021887127
2021-01-15 05:00:00,0.023373984
2021-01-15 06:00:00,0.0243783
2021-01-15 07:00:00,0.025644898
2021-01-15 08:00:00,0.025905669
2021-01-15 09:00:00,0.0259066
2021-01-15 10:00:00,0.0259066
2021-01-15 11:00:00,0.0259066
2021-01-15 12:00:00,0.0259066
2021-01-15 13:00:00,0.025912188
2021-01-15 14:00:00,0.025925925
2021-01-15 15:00:00,0.026103808
2021-01-15 16:00:00,0.026323367
2021-01-15 17:00:00,0.026563182
2021-01-15 18:00:00,0.026659574
2021-01-15 19:00:00,0.026740134
2021-01-15 20:00:00,0.026886817
2021-01-15 21:00:00,0.027041417
2021-01-15 22:00:00,0.027165748
2021-01-15 23:00:00,0.027374364
2021-01-16 00:00:00,0.027605332
2021-01-16 01:00:00,0.00015093246
2021-01-16 02:00:00,0.00021592132
2021-01-16 03:00:00,0.00028050272
2021-01-16 04:00:00,0.00034394907
2021-01-16 05:00:00,0.00037509017
2021-01-16 06:00:00,0.00039307633
2021-01-16 07:00:00,0.00039639417
2021-01-16 08:00:00,0.0003965106
2021-01-16 09:00:00,0.0003965106
2021-01-16 10:00:00,0.0003965106
2021-01-16 11:00:00,0.00039627776
2021-01-16 12:00:00,0.00039627776
2021-01-16 13:00:00,0.00039627776
2021-01-16 14:00:00,0.00039627776
2021-01-16 15:00:00,0.00039627776
2021-01-16 16:00:00,0.0003958121
2021-01-16 17:00:00,0.0003958121
2021-01-16 18:00:00,0.0003958121
2021-01-16 19:00:00,0.0003958121
2021-01-16 20:00:00,0.0003958121
2021-01-16 21:00:00,0.0003958121
2021-01-16 22:00:00,0.0003958121
2021-01-16 23:00:00,0.0003958121
2021-01-17 00:00:00,0.0003958121
2021-01-17 01:00:00,0.0
2021-01-17 02:00:00,0.0
2021-01-17 03:00:00,0.0
2021-01-17 04:00:00,0.0
2021-01-17 05:00:00,0.0
2021-01-17 06:00:00,0.0
2021-01-17 07:00:00,0.0
2021-01-17 08:00:00,0.0
2021-01-17 09:00:00,0.0
2021-01-17 10:00:00,0.0
2021-01-17 11:00:00,0.0
2021-01-17 12:00:00,0.0
2021-01-17 13:00:00,0.0
2021-01-17 14:00:00,0.0
2021-01-17 15:00:00,0.0
2021-01-17 16:00:00,0.0
2021-01-17 17:00:00,0.0
2021-01-17 18:00:00,0.0
2021-01-17 19:00:00,0.0
2021-01-17 20:00:00,0.0
2021-01-17 21:00:00,0.0
2021-01-17 22:00:00,0.0
2021-01-17 23:00:00,1.6763806e-05
2021-01-18 00:00:00,0.000110361725
2021-01-18 01:00:00,0.00013550743
2021-01-18 02:00:00,0.00030634692
2021-01-18 03:00:00,0.00048044603
2021-01-18 04:00:00,0.00061502215
2021-01-18 05:00:00,0.00070768874
2021-01-18 06:00:00,0.0022840686
2021-01-18 07:00:00,0.006006332
2021-01-18 08:00:00,0.052321702
2021-01-18 09:00:00,0.10945764
2021-01-18 10:00:00,0.15263768
2021-01-18 11:00:00,0.16261142
2021-01-18 12:00:00,0.1670634
2021-01-18 13:00:00,0.18910941
2021-01-18 14:00:00,0.23585555
2021-01-18 15:00:00,0.24251497
2021-01-18 16:00:00,0.25264356
2021-01-18 17:00:00,0.27767074
2021-01-18 18:00:00,0.31246144
2021-01-18 19:00:00,0.3233782
2021-01-18 20:00:00,0.32492492
2021-01-18 21:00:00,0.33587515
2021-01-18 22:00:00,0.38169295
2021-01-18 23:00:00,0.44573513
2021-01-19 00:00:00,0.50895774
2021-01-19 01:00:00,0.057289
2021-01-19 02:00:00,0.10606997
2021-01-19 03:00:00,0.14770392
2021-01-19 04:00:00,0.18995127
2021-01-19 05:00:00,0.23154762
2021-01-19 06:00:00,0.27253455
2021-01-19 07:00:00,0.30061567
2021-01-19 08:00:00,0.32301384
2021-01-19 09:00:00,0.35608888
2021-01-19 10:00:00,0.43323404
2021-01-19 11:00:00,0.57990193
2021-01-19 12:00:00,0.7802832
2021-01-19 13:00:00,1.0025252
2021-01-19 14:00:00,1.2190969
2021-01-19 15:00:00,1.4277841
2021-01-19 16:00:00,1.6214101
2021-01-19 17:00:00,1.8005879
2021-01-19 18:00:00,1.9722078
2021-01-19 19:00:00,2.177495
2021-01-19 20:00:00,2.364953
2021-01-19 21:00:00,2.5303936
2021-01-19 22:00:00,2.6684988
2021-01-19 23:00:00,2.7968736
2021-01-20 00:00:00,2.9219365
2021-01-20 01:00:00,0.11933023
2021-01-20 02:00:00,0.23177753
2021-01-20 03:00:00,0.36719242
2021-01-20 04:00:00,0.44248044
2021-01-20 05:00:00,0.46571797
2021-01-20 06:00:00,0.49546313
2021-01-20 07:00:00,0.5893593
2021-01-20 08:00:00,0.6703928
2021-01-20 09:00:00,0.7622741
2021-01-20 10:00:00,0.94833946
2021-01-20 11:00:00,1.144056
2021-01-20 12:00:00,1.4230076
2021-01-20 13:00:00,1.6895756
2021-01-20 14:00:00,1.9624016
2021-01-20 15:00:00,2.2043235
2021-01-20 16:00:00,2.4127316
2021-01-20 17:00:00,2.603062
2021-01-20 18:00:00,2.7855954
2021-01-20 19:00:00,2.99256
2021-01-20 20:00:00,3.179937
2021-01-20 21:00:00,3.211031
2021-01-20 22:00:00,3.2190363
2021-01-20 23:00:00,3.22227
2021-01-21 00:00:00,3.2317224
2021-01-21 01:00:00,0.023480214
2021-01-21 02:00:00,0.21084276
2021-01-21 03:00:00,0.229417
2021-01-21 04:00:00,0.28916645
2021-01-21 05:00:00,0.359771
2021-01-21 06:00:00,0.3597718
2021-01-21 07:00:00,0.3601746
2021-01-21 08:00:00,0.36230406
2021-01-21 09:00:00,0.3623046
2021-01-21 10:00:00,0.36230448
2021-01-21 11:00:00,0.36230448
2021-01-21 12:00:00,0.36230448
2021-01-21 13:00:00,0.36230448
2021-01-21 14:00:00,0.36230382
2021-01-21 15:00:00,0.3623045
2021-01-21 16:00:00,0.3623045
2021-01-21 17:00:00,0.3623045
2021-01-21 18:00:00,0.3623045
2021-01-21 19:00:00,0.3623045
2021-01-21 20:00:00,0.3623045
2021-01-21 21:00:00,0.3623045
2021-01-21 22:00:00,0.3623045
2021-01-21 23:00:00,0.36230963
2021-01-22 00:00:00,0.36270264
2021-01-22 01:00:00,0.0003775931
2021-01-22 02:00:00,0.0007636845
2021-01-22 03:00:00,0.00094313873
2021-01-22 04:00:00,0.0012074597
2021-01-22 05:00:00,0.0015648548
2021-01-22 06:00:00,0.0021273736
2021-01-22 07:00:00,0.004615169
2021-01-22 08:00:00,0.018172432
2021-01-22 09:00:00,0.033241466
2021-01-22 10:00:00,0.044329792
2021-01-22 11:00:00,0.05226489
2021-01-22 12:00:00,0.05710032
2021-01-22 13:00:00,0.06187195
2021-01-22 14:00:00,0.06766175
2021-01-22 15:00:00,0.08273381
2021-01-22 16:00:00,0.10247645
2021-01-22 17:00:00,0.14846213
2021-01-22 18:00:00,0.17136243
2021-01-22 19:00:00,0.19024639
2021-01-22 20:00:00,0.23786584
2021-01-22 21:00:00,0.31216908
2021-01-22 22:00:00,0.3989069
2021-01-22 23:00:00,0.488082
2021-01-23 00:00:00,0.5704248
2021-01-23 01:00:00,0.06709804
2021-01-23 02:00:00,0.10651083
2021-01-23 03:00:00,0.18040678
2021-01-23 04:00:00,0.2617382
2021-01-23 05:00:00,0.3570672
2021-01-23 06:00:00,0.45934308
2021-01-23 07:00:00,0.59962785
2021-01-23 08:00:00,1.0299788
2021-01-23 09:00:00,1.2965863
2021-01-23 10:00:00,1.6432301
2021-01-23 11:00:00,1.9606135
2021-01-23 12:00:00,2.1461062
2021-01-23 13:00:00,2.3885407
2021-01-23 14:00:00,2.4768326
2021-01-23 15:00:00,2.6670759
2021-01-23 16:00:00,2.7753937
2021-01-23 17:00:00,2.9584084
2021-01-23 18:00:00,3.1306329
2021-01-23 19:00:00,3.1920881
2021-01-23 20:00:00,3.2748156
2021-01-23 21:00:00,3.3585384
2021-01-23 22:00:00,3.413735
2021-01-23 23:00:00,3.4564312
2021-01-24 00:00:00,3.49703
2021-01-24 01:00:00,0.015480094
2021-01-24 02:00:00,0.019990666
2021-01-24 03:00:00,0.021920772
2021-01-24 04:00:00,0.02275128
2021-01-24 05:00:00,0.023792032
2021-01-24 06:00:00,0.03447046
2021-01-24 07:00:00,0.066699
2021-01-24 08:00:00,0.10834413
2021-01-24 09:00:00,0.1443635
2021-01-24 10:00:00,0.17469236
2021-01-24 11:00:00,0.18939584
2021-01-24 12:00:00,0.19427156
2021-01-24 13:00:00,0.19640288
2021-01-24 14:00:00,0.19730441
2021-01-24 15:00:00,0.19773328
2021-01-24 16:00:00,0.19833401
2021-01-24 17:00:00,0.19859895
2021-01-24 18:00:00,0.19887626
2021-01-24 19:00:00,0.19889721
2021-01-24 20:00:00,0.198917
2021-01-24 21:00:00,0.19893353
2021-01-24 22:00:00,0.19894913
2021-01-24 23:00:00,0.19896403
2021-01-25 00:00:00,0.19896403
2021-01-25 01:00:00,0.0
2021-01-25 02:00:00,0.0
2021-01-25 03:00:00,0.0
2021-01-25 04:00:00,2.9453076e-05
2021-01-25 05:00:00,3.236346e-05
2021-01-25 06:00:00,0.0028826762
2021-01-25 07:00:00,0.03212085
2021-01-25 08:00:00,0.047272652
2021-01-25 09:00:00,0.06820168
2021-01-25 10:00:00,0.100312755
2021-01-25 11:00:00,0.101109736
2021-01-25 12:00:00,0.10163523
2021-01-25 13:00:00,0.10181684
2021-01-25 14:00:00,0.10189764
2021-01-25 15:00:00,0.101947226
2021-01-25 16:00:00,0.10202826
2021-01-25 17:00:00,0.102117196
2021-01-25 18:00:00,0.102243856
2021-01-25 19:00:00,0.10224944
2021-01-25 20:00:00,0.10224944
2021-01-25 21:00:00,0.10225549
2021-01-25 22:00:00,0.10226015
2021-01-25 23:00:00,0.10226015
2021-01-26 00:00:00,0.102263875
2021-01-26 01:00:00,3.8708095e-06
2021-01-26 02:00:00,4.132744e-06
2021-01-26 03:00:00,3.958121e-06
2021-01-26 04:00:00,5.727634e-05
2021-01-26 05:00:00,0.00018137507
2021-01-26 06:00:00,0.0003145542
2021-01-26 07:00:00,0.0003259629
2021-01-26 08:00:00,0.0003259629
2021-01-26 09:00:00,0.0003259629
2021-01-26 10:00:00,0.0018719584
2021-01-26 11:00:00,0.001989305
2021-01-26 12:00:00,0.0019969884
2021-01-26 13:00:00,0.0019969884
2021-01-26 14:00:00,0.0019969884
2021-01-26 15:00:00,0.0019969884
2021-01-26 16:00:00,0.0019969884
2021-01-26 17:00:00,0.0019969884
2021-01-26 18:00:00,0.0019969884
2021-01-26 19:00:00,0.0019969884
2021-01-26 20:00:00,0.0019969884
2021-01-26 21:00:00,0.0019969884
2021-01-26 22:00:00,0.0019969884
2021-01-26 23:00:00,0.0024276786
2021-01-27 00:00:00,0.0024276786
2021-01-27 01:00:00,0.0
2021-01-27 02:00:00,0.0
2021-01-27 03:00:00,0.0
2021-01-27 04:00:00,0.0
2021-01-27 05:00:00,0.0
2021-01-27 06:00:00,0.0
2021-01-27 07:00:00,0.0
2021-01-27 08:00:00,0.00042766327
2021-01-27 09:00:00,0.010647764
2021-01-27 10:00:00,0.014736038
2021-01-27 11:00:00,0.014935224
2021-01-27 12:00:00,0.015348964
2021-01-27 13:00:00,0.015904149
2021-01-27 14:00:00,0.016371673
2021-01-27 15:00:00,0.016769813
2021-01-27 16:00:00,0.017013587
2021-01-27 17:00:00,0.01717424
2021-01-27 18:00:00,0.017321855
2021-01-27 19:00:00,0.01775911
2021-01-27 20:00:00,0.017935596
2021-01-27 21:00:00,0.01817518
2021-01-27 22:00:00,0.018378906
2021-01-27 23:00:00,0.018556556
2021-01-28 00:00:00,0.018780772
2021-01-28 01:00:00,0.0010520744
2021-01-28 02:00:00,0.0010855729
2021-01-28 03:00:00,0.0015416299
2021-01-28 04:00:00,0.0015419209
2021-01-28 05:00:00,0.0015497208
2021-01-28 06:00:00,0.002265675
2021-01-28 07:00:00,0.015927594
2021-01-28 08:00:00,0.09138481
2021-01-28 09:00:00,0.25363597
2021-01-28 10:00:00,0.4419415
2021-01-28 11:00:00,0.64948905
2021-01-28 12:00:00,0.7882812
2021-01-28 13:00:00,0.9212103
2021-01-28 14:00:00,0.9991454
2021-01-28 15:00:00,1.0227246
2021-01-28 16:00:00,1.0291555
2021-01-28 17:00:00,1.0315812
2021-01-28 18:00:00,1.0333073
2021-01-28 19:00:00,1.0356982
2021-01-28 20:00:00,1.037155
2021-01-28 21:00:00,1.0381671
2021-01-28 22:00:00,1.0389639
2021-01-28 23:00:00,1.0395947
2021-01-29 00:00:00,1.0400822
2021-01-29 01:00:00,0.00045652268
2021-01-29 02:00:00,0.00083312625
2021-01-29 03:00:00,0.0011092052
2021-01-29 04:00:00,0.00119576
2021-01-29 05:00:00,0.0012012897
2021-01-29 06:00:00,0.008447794
2021-01-29 07:00:00,0.021535859
2021-01-29 08:00:00,0.031970628
2021-01-29 09:00:00,0.052916422
2021-01-29 10:00:00,0.06709523
2021-01-29 11:00:00,0.08028834
2021-01-29 12:00:00,0.11721505
2021-01-29 13:00:00,0.14925277
2021-01-29 14:00:00,0.2798673
2021-01-29 15:00:00,0.34779632
2021-01-29 16:00:00,0.39717036
2021-01-29 17:00:00,0.50352764
2021-01-29 18:00:00,0.66367066
2021-01-29 19:00:00,0.7665972
2021-01-29 20:00:00,0.8736606
2021-01-29 21:00:00,0.9766537
2021-01-29 22:00:00,1.0540473
2021-01-29 23:00:00,1.1298176
2021-01-30 00:00:00,1.2070696
2021-01-30 01:00:00,0.066512436
2021-01-30 02:00:00,0.1255792
2021-01-30 03:00:00,0.19337656
2021-01-30 04:00:00,0.27097553
2021-01-30 05:00:00,0.34435767
2021-01-30 06:00:00,0.4461666
2021-01-30 07:00:00,0.5393843
2021-01-30 08:00:00,0.60405463
2021-01-30 09:00:00,0.7024319
2021-01-30 10:00:00,0.79214525
2021-01-30 11:00:00,0.8941946
2021-01-30 12:00:00,1.0003645
2021-01-30 13:00:00,1.0924926
2021-01-30 14:00:00,1.1588472
2021-01-30 15:00:00,1.214164
2021-01-30 16:00:00,1.2693763
2021-01-30 17:00:00,1.3323083
2021-01-30 18:00:00,1.3944055
2021-01-30 19:00:00,1.4788166
2021-01-30 20:00:00,1.5520284
2021-01-30 21:00:00,1.6104753
2021-01-30 22:00:00,1.6570867
2021-01-30 23:00:00,1.6958269
2021-01-31 00:00:00,1.7308416
2021-01-31 01:00:00,0.028218348
2021-01-31 02:00:00,0.05079154
2021-01-31 03:00:00,0.12843113
2021-01-31 04:00:00,0.13229297
2021-01-31 05:00:00,0.13348669
2021-01-31 06:00:00,0.13591942
2021-01-31 07:00:00,0.16064756
2021-01-31 08:00:00,0.18794614
2021-01-31 09:00:00,0.2764489
2021-01-31 10:00:00,0.3289459
2021-01-31 11:00:00,0.48865867
2021-01-31 12:00:00,0.6758862
2021-01-31 13:00:00,0.83064306
2021-01-31 14:00:00,1.1057208
2021-01-31 15:00:00,1.2071456
2021-01-31 16:00:00,1.3674879
2021-01-31 17:00:00,1.5431412
2021-01-31 18:00:00,1.5645732
2021-01-31 19:00:00,1.6762725
2021-01-31 20:00:00,1.7759739
2021-01-31 21:00:00,1.88269
2021-01-31 22:00:00,2.009987
2021-01-31 23:00:00,2.072681
2021-02-01 00:00:00,2.1048093
2021-02-01 01:00:00,0.07692337
2021-02-01 02:00:00,0.15354773
2021-02-01 03:00:00,0.18781412
2021-02-01 04:00:00,0.24675521
2021-02-01 05:00:00,0.26119953
2021-02-01 06:00:00,0.28203708
2021-02-01 07:00:00,0.3038036
2021-02-01 08:00:00,0.3328287
2021-02-01 09:00:00,0.39595306
2021-02-01 10:00:00,0.41774854
2021-02-01 11:00:00,0.48016116
2021-02-01 12:00:00,0.6591248
2021-02-01 13:00:00,0.734962
2021-02-01 14:00:00,0.8124515
2021-02-01 15:00:00,0.8831256
2021-02-01 16:00:00,0.940625
2021-02-01 17:00:00,0.9680999
2021-02-01 18:00:00,1.0171089
2021-02-01 19:00:00,1.0669812
2021-02-01 20:00:00,1.113729
2021-02-01 21:00:00,1.1752481
2021-02-01 22:00:00,1.2238141
2021-02-01 23:00:00,1.262918
2021-02-02 00:00:00,1.3055973
2021-02-02 01:00:00,0.026540887
2021-02-02 02:00:00,0.026874652
2021-02-02 03:00:00,0.027147066
2021-02-02 04:00:00,0.02740702
2021-02-02 05:00:00,0.027495319
2021-02-02 06:00:00,0.027620466
2021-02-02 07:00:00,0.033316668
2021-02-02 08:00:00,0.07219496
2021-02-02 09:00:00,0.12506196
2021-02-02 10:00:00,0.16143698
2021-02-02 11:00:00,0.21196902
2021-02-02 12:00:00,0.2562281
2021-02-02 13:00:00,0.3093124
2021-02-02 14:00:00,0.35722452
2021-02-02 15:00:00,0.38911256
2021-02-02 16:00:00,0.4112925
2021-02-02 17:00:00,0.43016687
2021-02-02 18:00:00,0.4525559
2021-02-02 19:00:00,0.45551002
2021-02-02 20:00:00,0.45668027
2021-02-02 21:00:00,0.45807332
2021-02-02 22:00:00,0.45862326
2021-02-02 23:00:00,0.4590959
2021-02-03 00:00:00,0.45957834
2021-02-03 01:00:00,0.00052538235
2021-02-03 02:00:00,0.0011629309
2021-02-03 03:00:00,0.0018787105
2021-02-03 04:00:00,0.012159813
2021-02-03 05:00:00,0.061120257
2021-02-03 06:00:00,0.12314995
2021-02-03 07:00:00,0.2300539
2021-02-03 08:00:00,0.30986592
2021-02-03 09:00:00,0.46166685
2021-02-03 10:00:00,0.7686372
2021-02-03 11:00:00,1.0365806
2021-02-03 12:00:00,1.1834155
2021-02-03 13:00:00,1.2844629
2021-02-03 14:00:00,1.3931553
2021-02-03 15:00:00,1.5258577
2021-02-03 16:00:00,1.6530464
2021-02-03 17:00:00,1.7547038
2021-02-03 18:00:00,1.8638713
2021-02-03 19:00:00,1.8889306
2021-02-03 20:00:00,1.9217396
2021-02-03 21:00:00,1.9627382
2021-02-03 22:00:00,2.0069256
2021-02-03 23:00:00,2.0692468
2021-02-04 00:00:00,2.1270876
2021-02-04 01:00:00,0.047991138
2021-02-04 02:00:00,0.087856844
2021-02-04 03:00:00,0.12711948
2021-02-04 04:00:00,0.17503068
2021-02-04 05:00:00,0.24266449
2021-02-04 06:00:00,0.32976013
2021-02-04 07:00:00,0.532158
2021-02-04 08:00:00,0.7703295
2021-02-04 09:00:00,1.0810143
2021-02-04 10:00:00,1.4786135
2021-02-04 11:00:00,1.7959937
2021-02-04 12:00:00,2.029852
2021-02-04 13:00:00,2.2202744
2021-02-04 14:00:00,2.391523
2021-02-04 15:00:00,2.5693169
2021-02-04 16:00:00,2.841576
2021-02-04 17:00:00,3.3670948
2021-02-04 18:00:00,3.9661448
2021-02-04 19:00:00,5.2369003
2021-02-04 20:00:00,6.8156195
2021-02-04 21:00:00,8.373164
2021-02-04 22:00:00,9.402462
2021-02-04 23:00:00,9.82402
2021-02-05 00:00:00,10.046831
2021-02-05 01:00:00,0.14277594
2021-02-05 02:00:00,0.21641964
2021-02-05 03:00:00,0.24683675
2021-02-05 04:00:00,0.2623489
2021-02-05 05:00:00,0.28045428
2021-02-05 06:00:00,0.3095009
2021-02-05 07:00:00,0.36446643
2021-02-05 08:00:00,0.43408397
2021-02-05 09:00:00,0.52147216
2021-02-05 10:00:00,0.837767
2021-02-05 11:00:00,1.1002651
2021-02-05 12:00:00,1.2925947
2021-02-05 13:00:00,1.4895594
2021-02-05 14:00:00,1.5511286
2021-02-05 15:00:00,1.5853596
2021-02-05 16:00:00,1.6044004
2021-02-05 17:00:00,1.6142141
2021-02-05 18:00:00,1.625421
2021-02-05 19:00:00,1.6266031
2021-02-05 20:00:00,1.6281439
2021-02-05 21:00:00,1.6304827
2021-02-05 22:00:00,1.6328695
2021-02-05 23:00:00,1.6340553
2021-02-06 00:00:00,1.6421118
2021-02-06 01:00:00,0.038552623
2021-02-06 02:00:00,0.046926145
2021-02-06 03:00:00,0.051237993
2021-02-06 04:00:00,0.06467675
2021-02-06 05:00:00,0.06468385
2021-02-06 06:00:00,0.0831082
2021-02-06 07:00:00,0.0831082
2021-02-06 08:00:00,0.08353612
2021-02-06 09:00:00,0.08353612
2021-02-06 10:00:00,0.083967514
2021-02-06 11:00:00,0.08439566
2021-02-06 12:00:00,0.08439539
2021-02-06 13:00:00,0.084395275
2021-02-06 14:00:00,0.1045519
2021-02-06 15:00:00,0.1045519
2021-02-06 16:00:00,0.1045519
2021-02-06 17:00:00,0.17168465
2021-02-06 18:00:00,0.17168817
2021-02-06 19:00:00,0.17168817
2021-02-06 20:00:00,0.17168817
2021-02-06 21:00:00,0.17168817
2021-02-06 22:00:00,0.17168835
2021-02-06 23:00:00,0.17168835
2021-02-07 00:00:00,0.17168835
2021-02-07 01:00:00,0.0
2021-02-07 02:00:00,0.0
2021-02-07 03:00:00,0.0
2021-02-07 04:00:00,0.0
2021-02-07 05:00:00,0.0
2021-02-07 06:00:00,0.0
2021-02-07 07:00:00,0.00043511385
2021-02-07 08:00:00,0.00043511385
2021-02-07 09:00:00,0.00043511385
2021-02-07 10:00:00,0.00043511385
2021-02-07 11:00:00,0.00043511385
2021-02-07 12:00:00,0.00043511385
2021-02-07 13:00:00,0.00043511385
2021-02-07 14:00:00,0.00043511385
2021-02-07 15:00:00,0.00043511385
2021-02-07 16:00:00,0.00043511385
2021-02-07 17:00:00,0.00043511385
2021-02-07 18:00:00,0.00043511385
2021-02-07 19:00:00,0.00043511385
2021-02-07 20:00:00,0.00043511385
2021-02-07 21:00:00,0.00043511385
2021-02-07 22:00:00,0.00043511385
2021-02-07 23:00:00,0.0012934451
2021-02-08 00:00:00,0.0021419919
2021-02-08 01:00:00,0.0
2021-02-08 02:00:00,0.0
2021-02-08 03:00:00,0.0
2021-02-08 04:00:00,0.0
2021-02-08 05:00:00,0.0
2021-02-08 06:00:00,0.0
2021-02-08 07:00:00,0.0
2021-02-08 08:00:00,0.0
2021-02-08 09:00:00,0.0
2021-02-08 10:00:00,0.0
2021-02-08 11:00:00,0.0
2021-02-08 12:00:00,0.0
2021-02-08 13:00:00,0.0
2021-02-08 14:00:00,0.0
2021-02-08 15:00:00,0.0
2021-02-08 16:00:00,0.0
2021-02-08 17:00:00,0.0
2021-02-08 18:00:00,0.0
2021-02-08 19:00:00,0.0
2021-02-08 20:00:00,0.0
2021-02-08 21:00:00,0.0
2021-02-08 22:00:00,0.0
2021-02-08 23:00:00,0.0
2021-02-09 00:00:00,0.0
2021-02-09 01:00:00,0.0
2021-02-09 02:00:00,0.0
2021-02-09 03:00:00,0.0
2021-02-09 04:00:00,0.0
2021-02-09 05:00:00,2.3166649e-05
2021-02-09 06:00:00,4.4121407e-05
2021-02-09 07:00:00,4.7846697e-05
2021-02-09 08:00:00,0.0015915139
2021-02-09 09:00:00,0.012382399
2021-02-09 10:00:00,0.042354222
2021-02-09 11:00:00,0.13015997
2021-02-09 12:00:00,0.18794736
2021-02-09 13:00:00,0.21182014
2021-02-09 14:00:00,0.24502155
2021-02-09 15:00:00,0.28640652
2021-02-09 16:00:00,0.31943607
2021-02-09 17:00:00,0.3433953
2021-02-09 18:00:00,0.37252337
2021-02-09 19:00:00,0.37725326
2021-02-09 20:00:00,0.38035315
2021-02-09 21:00:00,0.38350338
2021-02-09 22:00:00,0.38616836
2021-02-09 23:00:00,0.38838723
2021-02-10 00:00:00,0.38897768
2021-02-10 01:00:00,0.00019671279
2021-02-10 02:00:00,0.002326793
2021-02-10 03:00:00,0.0024303445
2021-02-10 04:00:00,0.0029267394
2021-02-10 05:00:00,0.004801899
2021-02-10 06:00:00,0.040708344
2021-02-10 07:00:00,0.37178886
2021-02-10 08:00:00,0.77661204
2021-02-10 09:00:00,1.4269309
2021-02-10 10:00:00,1.6073481
2021-02-10 11:00:00,1.6308521
2021-02-10 12:00:00,1.6341388
2021-02-10 13:00:00,1.6444314
2021-02-10 14:00:00,1.7652665
2021-02-10 15:00:00,1.8509543
2021-02-10 16:00:00,2.0692751
2021-02-10 17:00:00,2.167583
2021-02-10 18:00:00,2.2490606
2021-02-10 19:00:00,2.4058437
2021-02-10 20:00:00,2.6380618
2021-02-10 21:00:00,2.8038263
2021-02-10 22:00:00,2.9011428
2021-02-10 23:00:00,2.905199
2021-02-11 00:00:00,2.9052122
2021-02-11 01:00:00,3.1664968e-05
2021-02-11 02:00:00,6.885966e-05
2021-02-11 03:00:00,0.0001055887
2021-02-11 04:00:00,0.00013632234
2021-02-11 05:00:00,0.00018556602
2021-02-11 06:00:00,0.00033306424
2021-02-11 07:00:00,0.0011533266
2021-02-11 08:00:00,0.002013985
2021-02-11 09:00:00,0.025674935
2021-02-11 10:00:00,0.040653046
2021-02-11 11:00:00,0.041354913
2021-02-11 12:00:00,0.041549325
2021-02-11 13:00:00,0.04161731
2021-02-11 14:00:00,0.041667607
2021-02-11 15:00:00,0.04167203
2021-02-11 16:00:00,0.04167459
2021-02-11 17:00:00,0.041682743
2021-02-11 18:00:00,0.041759573
2021-02-11 19:00:00,0.042111613
2021-02-11 20:00:00,0.043376908
2021-02-11 21:00:00,0.04500416
2021-02-11 22:00:00,0.047023967
2021-02-11 23:00:00,0.048886146
2021-02-12 00:00:00,0.050635405
2021-02-12 01:00:00,0.0013817917
2021-02-12 02:00:00,0.0024009787
2021-02-12 03:00:00,0.0031414093
2021-02-12 04:00:00,0.003784604
2021-02-12 05:00:00,0.0042284955
2021-02-12 06:00:00,0.0051711104
2021-02-12 07:00:00,0.0075519783
2021-02-12 08:00:00,0.018324774
2021-02-12 09:00:00,0.023746291
2021-02-12 10:00:00,0.029456055
2021-02-12 11:00:00,0.06630721
2021-02-12 12:00:00,0.12758404
2021-02-12 13:00:00,0.22088149
2021-02-12 14:00:00,0.2528488
2021-02-12 15:00:00,0.25373667
2021-02-12 16:00:00,0.25373715
2021-02-12 17:00:00,0.25373808
2021-02-12 18:00:00,0.25373808
2021-02-12 19:00:00,0.25373808
2021-02-12 20:00:00,0.25373808
2021-02-12 21:00:00,0.25373808
2021-02-12 22:00:00,0.25373808
2021-02-12 23:00:00,0.25374368
2021-02-13 00:00:00,0.2537518
2021-02-13 01:00:00,1.565786e-05
2021-02-13 02:00:00,1.8073479e-05
2021-02-13 03:00:00,2.7823262e-05
2021-02-13 04:00:00,3.207242e-05
2021-02-13 05:00:00,3.6263373e-05
2021-02-13 06:00:00,0.0024752226
2021-02-13 07:00:00,0.0102031045
2021-02-13 08:00:00,0.030069847
2021-02-13 09:00:00,0.043556675
2021-02-13 10:00:00,0.23205683
2021-02-13 11:00:00,0.45351312
2021-02-13 12:00:00,0.56567276
2021-02-13 13:00:00,0.61376834
2021-02-13 14:00:00,0.62060773
2021-02-13 15:00:00,0.6249547
2021-02-13 16:00:00,0.62570703
2021-02-13 17:00:00,0.6270524
2021-02-13 18:00:00,0.62810415
2021-02-13 19:00:00,0.64384025
2021-02-13 20:00:00,0.6507905
2021-02-13 21:00:00,0.7639408
2021-02-13 22:00:00,0.86675626
2021-02-13 23:00:00,0.87240803
2021-02-14 00:00:00,0.8734399
2021-02-14 01:00:00,0.00035302946
2021-02-14 02:00:00,0.00080041355
2021-02-14 03:00:00,0.0012067612
2021-02-14 04:00:00,0.0013780082
2021-02-14 05:00:00,0.008186325
2021-02-14 06:00:00,0.017961837
2021-02-14 07:00:00,0.020210817
2021-02-14 08:00:00,0.06139979
2021-02-14 09:00:00,0.21273075
2021-02-14 10:00:00,0.24696279
2021-02-14 11:00:00,0.28557262
2021-02-14 12:00:00,0.31805694
2021-02-14 13:00:00,0.34328246
2021-02-14 14:00:00,0.54011333
2021-02-14 15:00:00,0.82086813
2021-02-14 16:00:00,1.0226915
2021-02-14 17:00:00,1.0942984
2021-02-14 18:00:00,1.096784
2021-02-14 19:00:00,1.1719499
2021-02-14 20:00:00,1.1843275
2021-02-14 21:00:00,1.1868593
2021-02-14 22:00:00,1.1883084
2021-02-14 23:00:00,1.1890609
2021-02-15 00:00:00,1.1896235
2021-02-15 01:00:00,0.0003396126
2021-02-15 02:00:00,0.0004906324
2021-02-15 03:00:00,0.00073120464
2021-02-15 04:00:00,0.00078603625
2021-02-15 05:00:00,0.0008305069
2021-02-15 06:00:00,0.05362474
2021-02-15 07:00:00,0.083729394
2021-02-15 08:00:00,0.1173697
2021-02-15 09:00:00,0.16000436
2021-02-15 10:00:00,0.21135062
2021-02-15 11:00:00,0.2514848
2021-02-15 12:00:00,0.26019126
2021-02-15 13:00:00,0.26808143
2021-02-15 14:00:00,0.27583098
2021-02-15 15:00:00,0.2793339
2021-02-15 16:00:00,0.2807302
2021-02-15 17:00:00,0.28173393
2021-02-15 18:00:00,0.2824294
2021-02-15 19:00:00,0.28449902
2021-02-15 20:00:00,0.2862906
2021-02-15 21:00:00,0.28754508
2021-02-15 22:00:00,0.28861988
2021-02-15 23:00:00,0.28999075
2021-02-16 00:00:00,0.290923
2021-02-16 01:00:00,0.0007795752
2021-02-16 02:00:00,0.0014321413
2021-02-16 03:00:00,0.002139248
2021-02-16 04:00:00,0.0034290133
2021-02-16 05:00:00,0.004225294
2021-02-16 06:00:00,0.048553687
2021-02-16 07:00:00,0.10646596
2021-02-16 08:00:00,0.15162508
2021-02-16 09:00:00,0.21131214
2021-02-16 10:00:00,0.24966729
2021-02-16 11:00:00,0.2667079
2021-02-16 12:00:00,0.26922572
2021-02-16 13:00:00,0.27053216
2021-02-16 14:00:00,0.27118385
2021-02-16 15:00:00,0.27143788
2021-02-16 16:00:00,0.27144694
2021-02-16 17:00:00,0.27146325
2021-02-16 18:00:00,0.27146813
2021-02-16 19:00:00,0.27151796
2021-02-16 20:00:00,0.27154008
2021-02-16 21:00:00,0.27154008
2021-02-16 22:00:00,0.27155662
2021-02-16 23:00:00,0.27159083
2021-02-17 00:00:00,0.271714
2021-02-17 01:00:00,7.620838e-05
2021-02-17 02:00:00,0.00015163096
2021-02-17 03:00:00,0.00022520544
2021-02-17 04:00:00,0.0002886518
2021-02-17 05:00:00,0.009946874
2021-02-17 06:00:00,0.029167859
2021-02-17 07:00:00,0.08045253
2021-02-17 08:00:00,0.12104935
2021-02-17 09:00:00,0.1408375
2021-02-17 10:00:00,0.24400175
2021-02-17 11:00:00,0.45133227
2021-02-17 12:00:00,0.5048692
2021-02-17 13:00:00,0.5191855
2021-02-17 14:00:00,0.5227629
2021-02-17 15:00:00,0.52324766
2021-02-17 16:00:00,0.52325416
2021-02-17 17:00:00,0.52325416
2021-02-17 18:00:00,0.52325416
2021-02-17 19:00:00,0.5273408
2021-02-17 20:00:00,0.52887005
2021-02-17 21:00:00,0.52948284
2021-02-17 22:00:00,0.52992153
2021-02-17 23:00:00,0.53065264
2021-02-18 00:00:00,0.5396152
2021-02-18 01:00:00,0.09459725
2021-02-18 02:00:00,0.23310341
2021-02-18 03:00:00,0.3616572
2021-02-18 04:00:00,0.47542846
2021-02-18 05:00:00,0.5632769
2021-02-18 06:00:00,0.6154386
2021-02-18 07:00:00,0.66070867
2021-02-18 08:00:00,0.68369216
2021-02-18 09:00:00,0.712874
2021-02-18 10:00:00,0.7451003
2021-02-18 11:00:00,0.8258753
2021-02-18 12:00:00,0.834406
2021-02-18 13:00:00,0.95602167
2021-02-18 14:00:00,1.1422822
2021-02-18 15:00:00,1.2026103
2021-02-18 16:00:00,1.205659
2021-02-18 17:00:00,1.2060548
2021-02-18 18:00:00,1.2060548
2021-02-18 19:00:00,1.2064855
2021-02-18 20:00:00,1.2490108
2021-02-18 21:00:00,1.3387382
2021-02-18 22:00:00,1.4505353
2021-02-18 23:00:00,1.5722089
2021-02-19 00:00:00,1.6318617
2021-02-19 01:00:00,0.06674725
2021-02-19 02:00:00,0.22869998
2021-02-19 03:00:00,0.3243773
2021-02-19 04:00:00,0.4476252
2021-02-19 05:00:00,0.455876
2021-02-19 06:00:00,0.48797658
2021-02-19 07:00:00,0.48797658
2021-02-19 08:00:00,0.49197462
2021-02-19 09:00:00,0.50344133
2021-02-19 10:00:00,0.5172411
2021-02-19 11:00:00,0.5254797
2021-02-19 12:00:00,0.5792
2021-02-19 13:00:00,0.74978614
2021-02-19 14:00:00,1.1783067
2021-02-19 15:00:00,1.4995689
2021-02-19 16:00:00,1.5169556
2021-02-19 17:00:00,1.5286933
2021-02-19 18:00:00,1.5303612
2021-02-19 19:00:00,1.5319461
2021-02-19 20:00:00,1.5319461
2021-02-19 21:00:00,1.5319461
2021-02-19 22:00:00,1.5319461
2021-02-19 23:00:00,1.5319461
2021-02-20 00:00:00,1.5319461
2021-02-20 01:00:00,0.0
2021-02-20 02:00:00,0.0
2021-02-20 03:00:00,0.0
2021-02-20 04:00:00,0.0
2021-02-20 05:00:00,0.0
2021-02-20 06:00:00,0.0
2021-02-20 07:00:00,0.0
2021-02-20 08:00:00,0.00039639417
2021-02-20 09:00:00,0.0005092006
2021-02-20 10:00:00,0.0005092006
2021-02-20 11:00:00,0.0005130423
2021-02-20 12:00:00,0.011000782
2021-02-20 13:00:00,0.0325297
2021-02-20 14:00:00,0.03588642
2021-02-20 15:00:00,0.0359125
2021-02-20 16:00:00,0.035921577
2021-02-20 17:00:00,0.035942532
2021-02-20 18:00:00,0.035942532
2021-02-20 19:00:00,0.04007807
2021-02-20 20:00:00,0.053630676
2021-02-20 21:00:00,0.08110562
2021-02-20 22:00:00,0.11513335
2021-02-20 23:00:00,0.11612335
2021-02-21 00:00:00,0.11612335
2021-02-21 01:00:00,0.0
2021-02-21 02:00:00,0.0
2021-02-21 03:00:00,0.0
2021-02-21 04:00:00,0.0
2021-02-21 05:00:00,0.0005972106
2021-02-21 06:00:00,0.0012395903
2021-02-21 07:00:00,0.006653019
2021-02-21 08:00:00,0.014088117
2021-02-21 09:00:00,0.021547545
2021-02-21 10:00:00,0.03017974
2021-02-21 11:00:00,0.16394538
2021-02-21 12:00:00,0.26492214
2021-02-21 13:00:00,0.26702228
2021-02-21 14:00:00,0.27652434
2021-02-21 15:00:00,0.41184643
2021-02-21 16:00:00,0.4908638
2021-02-21 17:00:00,0.5131517
2021-02-21 18:00:00,0.51329887
2021-02-21 19:00:00,0.54342204
2021-02-21 20:00:00,0.5436251
2021-02-21 21:00:00,0.5438351
2021-02-21 22:00:00,0.54405767
2021-02-21 23:00:00,0.54437155
2021-02-22 00:00:00,0.54487914
2021-02-22 01:00:00,0.00024243491
2021-02-22 02:00:00,0.00035658013
2021-02-22 03:00:00,0.00039464794
2021-02-22 04:00:00,0.00042049214
2021-02-22 05:00:00,0.00045564957
2021-02-22 06:00:00,0.00078603625
2021-02-22 07:00:00,0.004107482
2021-02-22 08:00:00,0.018839795
2021-02-22 09:00:00,0.12566796
2021-02-22 10:00:00,0.17784554
2021-02-22 11:00:00,0.22683972
2021-02-22 12:00:00,0.5048467
2021-02-22 13:00:00,0.7524601
2021-02-22 14:00:00,0.85797703
2021-02-22 15:00:00,0.9052501
2021-02-22 16:00:00,0.9281184
2021-02-22 17:00:00,0.9284281
2021-02-22 18:00:00,0.9629997
2021-02-22 19:00:00,1.0608613
2021-02-22 20:00:00,1.0939445
2021-02-22 21:00:00,1.131021
2021-02-22 22:00:00,1.2063853
2021-02-22 23:00:00,1.3128452
2021-02-23 00:00:00,1.3573637
2021-02-23 01:00:00,0.017324463
2021-02-23 02:00:00,0.03335101
2021-02-23 03:00:00,0.10996777
2021-02-23 04:00:00,0.1482122
2021-02-23 05:00:00,0.17736387
2021-02-23 06:00:00,0.2595262
2021-02-23 07:00:00,0.35737768
2021-02-23 08:00:00,0.5300816
2021-02-23 09:00:00,0.9090562
2021-02-23 10:00:00,1.0990608
2021-02-23 11:00:00,1.2229445
2021-02-23 12:00:00,1.3291538
2021-02-23 13:00:00,1.498698
2021-02-23 14:00:00,1.6471457
2021-02-23 15:00:00,1.7517197
2021-02-23 16:00:00,1.8829529
2021-02-23 17:00:00,1.9685354
2021-02-23 18:00:00,2.0591145
2021-02-23 19:00:00,2.0710206
2021-02-23 20:00:00,2.085838
2021-02-23 21:00:00,2.0993972
2021-02-23 22:00:00,2.1425364
2021-02-23 23:00:00,2.2118719
2021-02-24 00:00:00,2.2687578
2021-02-24 01:00:00,0.01955872
2021-02-24 02:00:00,0.021619897
2021-02-24 03:00:00,0.024323875
2021-02-24 04:00:00,0.024352454
2021-02-24 05:00:00,0.027405448
2021-02-24 06:00:00,0.033981632
2021-02-24 07:00:00,0.050568603
2021-02-24 08:00:00,0.07076503
2021-02-24 09:00:00,0.12775044
2021-02-24 10:00:00,0.1877437
2021-02-24 11:00:00,0.22386226
2021-02-24 12:00:00,0.3582034
2021-02-24 13:00:00,0.4410208
2021-02-24 14:00:00,0.51064396
2021-02-24 15:00:00,0.55448747
2021-02-24 16:00:00,0.55549324
2021-02-24 17:00:00,0.5572747
2021-02-24 18:00:00,0.5579269
2021-02-24 19:00:00,0.5715161
2021-02-24 20:00:00,0.5938301
2021-02-24 21:00:00,0.6201781
2021-02-24 22:00:00,0.62087154
2021-02-24 23:00:00,0.6521751
2021-02-25 00:00:00,0.65247595
2021-02-25 01:00:00,0.00010576332
2021-02-25 02:00:00,0.01756361
2021-02-25 03:00:00,0.03995191
2021-02-25 04:00:00,0.04293973
2021-02-25 05:00:00,0.061641276
2021-02-25 06:00:00,0.17162028
2021-02-25 07:00:00,0.18407008
2021-02-25 08:00:00,0.21834439
2021-02-25 09:00:00,0.32684368
2021-02-25 10:00:00,0.50273174
2021-02-25 11:00:00,0.7048429
2021-02-25 12:00:00,0.9052305
2021-02-25 13:00:00,1.1349621
2021-02-25 14:00:00,1.3582008
2021-02-25 15:00:00,1.5907314
2021-02-25 16:00:00,1.6205852
2021-02-25 17:00:00,1.6413438
2021-02-25 18:00:00,1.6867183
2021-02-25 19:00:00,1.7497424
2021-02-25 20:00:00,1.8198097
2021-02-25 21:00:00,1.9007682
2021-02-25 22:00:00,2.0065014
2021-02-25 23:00:00,2.1273808
2021-02-26 00:00:00,2.245997
2021-02-26 01:00:00,0.0005165639
2021-02-26 02:00:00,0.00057037687
2021-02-26 03:00:00,0.017598446
2021-02-26 04:00:00,0.028493406
2021-02-26 05:00:00,0.029042013
2021-02-26 06:00:00,0.031753562
2021-02-26 07:00:00,0.03503793
2021-02-26 08:00:00,0.054971837
2021-02-26 09:00:00,0.10709011
2021-02-26 10:00:00,0.17172551
2021-02-26 11:00:00,0.2996025
2021-02-26 12:00:00,0.42749777
2021-02-26 13:00:00,0.55628395
2021-02-26 14:00:00,0.7149049
2021-02-26 15:00:00,0.74154997
2021-02-26 16:00:00,0.8077848
2021-02-26 17:00:00,0.8414954
2021-02-26 18:00:00,0.9324091
2021-02-26 19:00:00,1.0620444
2021-02-26 20:00:00,1.2184236
2021-02-26 21:00:00,1.5353867
2021-02-26 22:00:00,1.9297556
2021-02-26 23:00:00,2.258799
2021-02-27 00:00:00,2.5622272
2021-02-27 01:00:00,0.334743
2021-02-27 02:00:00,0.79016
2021-02-27 03:00:00,1.39485
2021-02-27 04:00:00,2.0834744
2021-02-27 05:00:00,2.5864155
2021-02-27 06:00:00,3.0598521
2021-02-27 07:00:00,3.4245412
2021-02-27 08:00:00,3.7685008
2021-02-27 09:00:00,4.1125274
2021-02-27 10:00:00,4.571041
2021-02-27 11:00:00,4.8961096
2021-02-27 12:00:00,5.064192
2021-02-27 13:00:00,5.2421064
2021-02-27 14:00:00,5.394248
2021-02-27 15:00:00,5.556878
2021-02-27 16:00:00,5.5991135
2021-02-27 17:00:00,5.617218
2021-02-27 18:00:00,5.624674
2021-02-27 19:00:00,5.6299124
2021-02-27 20:00:00,5.6316776
2021-02-27 21:00:00,5.632557
2021-02-27 22:00:00,5.633112
2021-02-27 23:00:00,5.6335516
2021-02-28 00:00:00,5.633752
2021-02-28 01:00:00,8.706411e-05
2021-02-28 02:00:00,0.0001314329
2021-02-28 03:00:00,0.00015896512
2021-02-28 04:00:00,0.00024249312
2021-02-28 05:00:00,0.0004779431
2021-02-28 06:00:00,0.03602903
2021-02-28 07:00:00,0.08013122
2021-02-28 08:00:00,0.12171338
2021-02-28 09:00:00,0.14891057
2021-02-28 10:00:00,0.18680772
2021-02-28 11:00:00,0.21088424
2021-02-28 12:00:00,0.21707557
2021-02-28 13:00:00,0.21813087
2021-02-28 14:00:00,0.21877478
2021-02-28 15:00:00,0.21925128
2021-02-28 16:00:00,0.22033738
2021-02-28 17:00:00,0.22132196
2021-02-28 18:00:00,0.22141393
2021-02-28 19:00:00,0.22154802
2021-02-28 20:00:00,0.22160298
2021-02-28 21:00:00,0.22162628
2021-02-28 22:00:00,0.22166632
2021-02-28 23:00:00,0.22171102
2021-03-01 00:00:00,0.22174223
2021-03-01 01:00:00,2.8318027e-05
2021-03-01 02:00:00,5.8673322e-05
2021-03-01 03:00:00,6.68806e-05
2021-03-01 04:00:00,6.68806e-05
2021-03-01 05:00:00,6.68806e-05
2021-03-01 06:00:00,6.7055225e-05
2021-03-01 07:00:00,0.0007781898
2021-03-01 08:00:00,0.008993619
2021-03-01 09:00:00,0.04594955
2021-03-01 10:00:00,0.10861906
2021-03-01 11:00:00,0.20140627
2021-03-01 12:00:00,0.27763537
2021-03-01 13:00:00,0.35354722
2021-03-01 14:00:00,0.44464314
2021-03-01 15:00:00,0.46141207
2021-03-01 16:00:00,0.47050646
2021-03-01 17:00:00,0.47393185
2021-03-01 18:00:00,0.4767768
2021-03-01 19:00:00,0.48044765
2021-03-01 20:00:00,0.48457664
2021-03-01 21:00:00,0.4881599
2021-03-01 22:00:00,0.49056455
2021-03-01 23:00:00,0.49203837
2021-03-02 00:00:00,0.492742
2021-03-02 01:00:00,0.00031592208
2021-03-02 02:00:00,0.0006793416
2021-03-02 03:00:00,0.0009071664
2021-03-02 04:00:00,0.0009641517
2021-03-02 05:00:00,0.0009685755
2021-03-02 06:00:00,0.00096845906
2021-03-02 07:00:00,0.0017610146
2021-03-02 08:00:00,0.004713249
2021-03-02 09:00:00,0.007938244
2021-03-02 10:00:00,0.010505319
2021-03-02 11:00:00,0.06887596
2021-03-02 12:00:00,0.38995382
2021-03-02 13:00:00,0.542416
2021-03-02 14:00:00,0.6529277
2021-03-02 15:00:00,0.71549326
2021-03-02 16:00:00,0.73107177
2021-03-02 17:00:00,0.73127174
2021-03-02 18:00:00,0.73162585
2021-03-02 19:00:00,0.7321345
2021-03-02 20:00:00,0.73266864
2021-03-02 21:00:00,0.73336715
2021-03-02 22:00:00,0.7340228
2021-03-02 23:00:00,0.7563438
2021-03-03 00:00:00,0.7893229
2021-03-03 01:00:00,0.014524499
2021-03-03 02:00:00,0.016506413
2021-03-03 03:00:00,0.017225627
2021-03-03 04:00:00,0.042667728
2021-03-03 05:00:00,0.08864805
2021-03-03 06:00:00,0.14547655
2021-03-03 07:00:00,0.21355575
2021-03-03 08:00:00,0.27498963
2021-03-03 09:00:00,0.32033217
2021-03-03 10:00:00,0.36504826
2021-03-03 11:00:00,0.42291844
2021-03-03 12:00:00,0.53610235
2021-03-03 13:00:00,0.643227
2021-03-03 14:00:00,0.8954704
2021-03-03 15:00:00,1.0997477
2021-03-03 16:00:00,1.196378
2021-03-03 17:00:00,1.2921761
2021-03-03 18:00:00,1.4240539
2021-03-03 19:00:00,1.5006707
2021-03-03 20:00:00,1.6014588
2021-03-03 21:00:00,1.6771901
2021-03-03 22:00:00,1.6891549
2021-03-03 23:00:00,1.7028353
2021-03-04 00:00:00,1.7188323
2021-03-04 01:00:00,0.0076104766
2021-03-04 02:00:00,0.008499483
2021-03-04 03:00:00,0.014928227
2021-03-04 04:00:00,0.024125503
2021-03-04 05:00:00,0.045447145
2021-03-04 06:00:00,0.07671665
2021-03-04 07:00:00,0.1510207
2021-03-04 08:00:00,0.30551514
2021-03-04 09:00:00,0.6357988
2021-03-04 10:00:00,1.0682828
2021-03-04 11:00:00,1.5101249
2021-03-04 12:00:00,1.9277487
2021-03-04 13:00:00,2.2405386
2021-03-04 14:00:00,2.5545306
2021-03-04 15:00:00,2.8277426
2021-03-04 16:00:00,3.13818
2021-03-04 17:00:00,3.3620934
2021-03-04 18:00:00,3.4891455
2021-03-04 19:00:00,3.5957794
2021-03-04 20:00:00,3.6871514
2021-03-04 21:00:00,3.7824655
2021-03-04 22:00:00,3.9002817
2021-03-04 23:00:00,4.0194244
2021-03-05 00:00:00,4.2052927
2021-03-05 01:00:00,0.14765915
2021-03-05 02:00:00,0.25304648
2021-03-05 03:00:00,0.34660465
2021-03-05 04:00:00,0.42729783
2021-03-05 05:00:00,0.5493126
2021-03-05 06:00:00,0.6777787
2021-03-05 07:00:00,0.82755935
2021-03-05 08:00:00,1.0661242
2021-03-05 09:00:00,1.3856058
2021-03-05 10:00:00,1.6601856
2021-03-05 11:00:00,1.9398379
2021-03-05 12:00:00,2.1308844
2021-03-05 13:00:00,2.2622528
2021-03-05 14:00:00,2.4095633
2021-03-05 15:00:00,2.5050738
2021-03-05 16:00:00,2.5430932
2021-03-05 17:00:00,2.6095662
2021-03-05 18:00:00,2.6774383
2021-03-05 19:00:00,2.7446706
2021-03-05 20:00:00,2.867939
2021-03-05 21:00:00,2.9406536
2021-03-05 22:00:00,2.9442782
2021-03-05 23:00:00,2.9460688
2021-03-06 00:00:00,2.9474847
2021-03-06 01:00:00,0.0008862553
2021-03-06 02:00:00,0.0015521946
2021-03-06 03:00:00,0.002017885
2021-03-06 04:00:00,0.0022817403
2021-03-06 05:00:00,0.0024528708
2021-03-06 06:00:00,0.002923247
2021-03-06 07:00:00,0.015162455
2021-03-06 08:00:00,0.028166454
2021-03-06 09:00:00,0.055463985
2021-03-06 10:00:00,0.07983065
2021-03-06 11:00:00,0.16255072
2021-03-06 12:00:00,0.27309987
2021-03-06 13:00:00,0.67868483
2021-03-06 14:00:00,0.97379416
2021-03-06 15:00:00,1.1581818
2021-03-06 16:00:00,1.3069553
2021-03-06 17:00:00,1.4144794
2021-03-06 18:00:00,1.5207076
2021-03-06 19:00:00,1.7173288
2021-03-06 20:00:00,1.9490585
2021-03-06 21:00:00,2.1751952
2021-03-06 22:00:00,2.3269515
2021-03-06 23:00:00,2.5638156
2021-03-07 00:00:00,3.1009107
2021-03-07 01:00:00,0.636071
2021-03-07 02:00:00,1.2313389
2021-03-07 03:00:00,1.6505537
2021-03-07 04:00:00,1.8576944
2021-03-07 05:00:00,2.03542
2021-03-07 06:00:00,2.2071848
2021-03-07 07:00:00,2.403333
2021-03-07 08:00:00,2.8735046
2021-03-07 09:00:00,3.5928154
2021-03-07 10:00:00,4.5618095
2021-03-07 11:00:00,5.489252
2021-03-07 12:00:00,6.117282
2021-03-07 13:00:00,6.726228
2021-03-07 14:00:00,7.24166
2021-03-07 15:00:00,7.875993
2021-03-07 16:00:00,8.712101
2021-03-07 17:00:00,9.638676
2021-03-07 18:00:00,10.448413
2021-03-07 19:00:00,11.505713
2021-03-07 20:00:00,12.728306
2021-03-07 21:00:00,13.915619
2021-03-07 22:00:00,15.3153305
2021-03-07 23:00:00,16.790728
2021-03-08 00:00:00,18.371017
2021-03-08 01:00:00,1.7778828
2021-03-08 02:00:00,3.5200233
2021-03-08 03:00:00,4.9886856
2021-03-08 04:00:00,6.0581765
2021-03-08 05:00:00,7.091486
2021-03-08 06:00:00,8.137434
2021-03-08 07:00:00,8.429192
2021-03-08 08:00:00,8.652067
2021-03-08 09:00:00,8.836134
2021-03-08 10:00:00,8.941569
2021-03-08 11:00:00,9.190886
2021-03-08 12:00:00,9.238772
2021-03-08 13:00:00,9.295605
2021-03-08 14:00:00,9.306897
2021-03-08 15:00:00,9.307551
2021-03-08 16:00:00,9.307911
2021-03-08 17:00:00,9.30802
2021-03-08 18:00:00,9.308153
2021-03-08 19:00:00,9.3133
2021-03-08 20:00:00,9.314167
2021-03-08 21:00:00,9.314368
2021-03-08 22:00:00,9.315479
2021-03-08 23:00:00,9.315835
2021-03-09 00:00:00,9.316017
2021-03-09 01:00:00,0.000173226
2021-03-09 02:00:00,0.0003449386
2021-03-09 03:00:00,0.00052701216
2021-03-09 04:00:00,0.00076182187
2021-03-09 05:00:00,0.023039058
2021-03-09 06:00:00,0.08015521
2021-03-09 07:00:00,0.08667167
2021-03-09 08:00:00,0.094660096
2021-03-09 09:00:00,0.109735645
2021-03-09 10:00:00,0.12267381
2021-03-09 11:00:00,0.13464457
2021-03-09 12:00:00,0.22030856
2021-03-09 13:00:00,0.27670386
2021-03-09 14:00:00,0.30741096
2021-03-09 15:00:00,0.3677839
2021-03-09 16:00:00,0.40539867
2021-03-09 17:00:00,0.40562963
2021-03-09 18:00:00,0.40566924
2021-03-09 19:00:00,0.40568504
2021-03-09 20:00:00,0.40571535
2021-03-09 21:00:00,0.40574515
2021-03-09 22:00:00,0.40577495
2021-03-09 23:00:00,0.40579635
2021-03-10 00:00:00,0.40581685
2021-03-10 01:00:00,2.1565938e-05
2021-03-10 02:00:00,4.3131877e-05
2021-03-10 03:00:00,6.3795596e-05
2021-03-10 04:00:00,0.000105123036
2021-03-10 05:00:00,0.02028083
2021-03-10 06:00:00,0.052165125
2021-03-10 07:00:00,0.09879745
2021-03-10 08:00:00,0.1647203
2021-03-10 09:00:00,0.26476705
2021-03-10 10:00:00,0.3257391
2021-03-10 11:00:00,0.3495777
2021-03-10 12:00:00,0.36865607
2021-03-10 13:00:00,0.3732235
2021-03-10 14:00:00,0.37504092
2021-03-10 15:00:00,0.37571615
2021-03-10 16:00:00,0.3760088
2021-03-10 17:00:00,0.37628448
2021-03-10 18:00:00,0.37683162
2021-03-10 19:00:00,0.37727392
2021-03-10 20:00:00,0.37759525
2021-03-10 21:00:00,0.3780283
2021-03-10 22:00:00,0.37861642
2021-03-10 23:00:00,0.37906906
2021-03-11 00:00:00,0.37964556
2021-03-11 01:00:00,0.00047613867
2021-03-11 02:00:00,0.00093033304
2021-03-11 03:00:00,0.0012266682
2021-03-11 04:00:00,0.0014402904
2021-03-11 05:00:00,0.009618815
2021-03-11 06:00:00,0.014730729
2021-03-11 07:00:00,0.028635502
2021-03-11 08:00:00,0.053669058
2021-03-11 09:00:00,0.07338091
2021-03-11 10:00:00,0.09231155
2021-03-11 11:00:00,0.09687387
2021-03-11 12:00:00,0.09846003
2021-03-11 13:00:00,0.09963605
2021-03-11 14:00:00,0.10021697
2021-03-11 15:00:00,0.100332685
2021-03-11 16:00:00,0.100494035
2021-03-11 17:00:00,0.10110158
2021-03-11 18:00:00,0.101687476
2021-03-11 19:00:00,0.10195872
2021-03-11 20:00:00,0.10216455
2021-03-11 21:00:00,0.102376655
2021-03-11 22:00:00,0.10252492
2021-03-11 23:00:00,0.10272385
2021-03-12 00:00:00,0.10294551
2021-03-12 01:00:00,0.00017241109
2021-03-12 02:00:00,0.0003039604
2021-03-12 03:00:00,0.0004202593
2021-03-12 04:00:00,0.0005592592
2021-03-12 05:00:00,0.00081572216
2021-03-12 06:00:00,0.0026508933
2021-03-12 07:00:00,0.014521531
2021-03-12 08:00:00,0.060760885
2021-03-12 09:00:00,0.1081879
2021-03-12 10:00:00,0.24120648
2021-03-12 11:00:00,0.38317883
2021-03-12 12:00:00,0.5513588
2021-03-12 13:00:00,0.64039046
2021-03-12 14:00:00,0.66591287
2021-03-12 15:00:00,0.6774424
2021-03-12 16:00:00,0.6822853
2021-03-12 17:00:00,0.6846613
2021-03-12 18:00:00,0.6862881
2021-03-12 19:00:00,0.7228229
2021-03-12 20:00:00,0.74158514
2021-03-12 21:00:00,0.75317407
2021-03-12 22:00:00,0.7634009
2021-03-12 23:00:00,0.77333605
2021-03-13 00:00:00,0.7774339
2021-03-13 01:00:00,0.006606861
2021-03-13 02:00:00,0.008317758
2021-03-13 03:00:00,0.008731033
2021-03-13 04:00:00,0.008813455
2021-03-13 05:00:00,0.018331338
2021-03-13 06:00:00,0.038069673
2021-03-13 07:00:00,0.051462047
2021-03-13 08:00:00,0.05214948
2021-03-13 09:00:00,0.053456936
2021-03-13 10:00:00,0.07863105
2021-03-13 11:00:00,0.08068881
2021-03-13 12:00:00,0.08085436
2021-03-13 13:00:00,0.08105959
2021-03-13 14:00:00,0.0812802
2021-03-13 15:00:00,0.081508726
2021-03-13 16:00:00,0.08240007
2021-03-13 17:00:00,0.08262365
2021-03-13 18:00:00,0.08277452
2021-03-13 19:00:00,0.082864866
2021-03-13 20:00:00,0.08291213
2021-03-13 21:00:00,0.08295381
2021-03-13 22:00:00,0.08299432
2021-03-13 23:00:00,0.0830325
2021-03-14 00:00:00,0.08308688
2021-03-14 01:00:00,3.9639417e-05
2021-03-14 02:00:00,7.543713e-05
2021-03-14 03:00:00,0.00010209624
2021-03-14 04:00:00,0.00012654345
2021-03-14 05:00:00,0.00012782402
2021-03-14 06:00:00,0.00012898818
2021-03-14 07:00:00,0.0035431003
2021-03-14 08:00:00,0.004301779
2021-03-14 09:00:00,0.03853091
2021-03-14 10:00:00,0.11724303
2021-03-14 11:00:00,0.15160534
2021-03-14 12:00:00,0.167032
2021-03-14 13:00:00,0.1824817
2021-03-14 14:00:00,0.1842007
2021-03-14 15:00:00,0.18490314
2021-03-14 16:00:00,0.1857832
2021-03-14 17:00:00,0.18617389
2021-03-14 18:00:00,0.18662536
2021-03-14 19:00:00,0.18719952
2021-03-14 20:00:00,0.18769522
2021-03-14 21:00:00,0.19032876
2021-03-14 22:00:00,0.19114767
2021-03-14 23:00:00,0.19145414
2021-03-15 00:00:00,0.19170927
2021-03-15 01:00:00,0.00021487358
2021-03-15 02:00:00,0.00038239523
2021-03-15 03:00:00,0.00046013156
2021-03-15 04:00:00,0.00049039954
2021-03-15 05:00:00,0.0005030306
2021-03-15 06:00:00,0.0005241018
2021-03-15 07:00:00,0.0047722133
2021-03-15 08:00:00,0.019675586
2021-03-15 09:00:00,0.06286916
2021-03-15 10:00:00,0.1011343
2021-03-15 11:00:00,0.12088579
2021-03-15 12:00:00,0.12804812
2021-03-15 13:00:00,0.14237803
2021-03-15 14:00:00,0.14352357
2021-03-15 15:00:00,0.1436926
2021-03-15 16:00:00,0.14373986
2021-03-15 17:00:00,0.14383718
2021-03-15 18:00:00,0.14388397
2021-03-15 19:00:00,0.14425582
2021-03-15 20:00:00,0.1446039
2021-03-15 21:00:00,0.14500274
2021-03-15 22:00:00,0.14532778
2021-03-15 23:00:00,0.14575152
2021-03-16 00:00:00,0.14608097
2021-03-16 01:00:00,0.00024729525
2021-03-16 02:00:00,0.0005081238
2021-03-16 03:00:00,0.0006693881
2021-03-16 04:00:00,0.0007637427
2021-03-16 05:00:00,0.0008381321
2021-03-16 06:00:00,0.03606698
2021-03-16 07:00:00,0.06569992
2021-03-16 08:00:00,0.06686279
2021-03-16 09:00:00,0.08661358
2021-03-16 10:00:00,0.10725681
2021-03-16 11:00:00,0.11008489
2021-03-16 12:00:00,0.11196371
2021-03-16 13:00:00,0.11251052
2021-03-16 14:00:00,0.112839974
2021-03-16 15:00:00,0.113123566
2021-03-16 16:00:00,0.113841385
2021-03-16 17:00:00,0.114235565
2021-03-16 18:00:00,0.114572
2021-03-16 19:00:00,0.11552404
2021-03-16 20:00:00,0.116248384
2021-03-16 21:00:00,0.1167222
2021-03-16 22:00:00,0.11725282
2021-03-16 23:00:00,0.1179194
2021-03-17 00:00:00,0.11937298
2021-03-17 01:00:00,0.0004597532
2021-03-17 02:00:00,0.0008509378
2021-03-17 03:00:00,0.0011496595
2021-03-17 04:00:00,0.0013716053
2021-03-17 05:00:00,0.0015667174
2021-03-17 06:00:00,0.02026593
2021-03-17 07:00:00,0.10433852
2021-03-17 08:00:00,0.14454755
2021-03-17 09:00:00,0.17221396
2021-03-17 10:00:00,0.20960982
2021-03-17 11:00:00,0.22078104
2021-03-17 12:00:00,0.22915955
2021-03-17 13:00:00,0.23305169
2021-03-17 14:00:00,0.23460013
2021-03-17 15:00:00,0.23536149
2021-03-17 16:00:00,0.2358844
2021-03-17 17:00:00,0.236446
2021-03-17 18:00:00,0.23715869
2021-03-17 19:00:00,0.237768
2021-03-17 20:00:00,0.23867093
2021-03-17 21:00:00,0.24012053
2021-03-17 22:00:00,0.24116221
2021-03-17 23:00:00,0.24201204
2021-03-18 00:00:00,0.24295688
2021-03-18 01:00:00,0.0005175825
2021-03-18 02:00:00,0.0010101357
2021-03-18 03:00:00,0.0014872057
2021-03-18 04:00:00,0.0017471611
2021-03-18 05:00:00,0.0019077561
2021-03-18 06:00:00,0.0019868603
2021-03-18 07:00:00,0.035826232
2021-03-18 08:00:00,0.036559768
2021-03-18 09:00:00,0.059492305
2021-03-18 10:00:00,0.06065669
2021-03-18 11:00:00,0.06836965
2021-03-18 12:00:00,0.068386875
2021-03-18 13:00:00,0.068386875
2021-03-18 14:00:00,0.068386875
2021-03-18 15:00:00,0.068386875
2021-03-18 16:00:00,0.068386875
2021-03-18 17:00:00,0.068386875
2021-03-18 18:00:00,0.06880932
2021-03-18 19:00:00,0.06880932
2021-03-18 20:00:00,0.06881352
2021-03-18 21:00:00,0.06883098
2021-03-18 22:00:00,0.068853095
2021-03-18 23:00:00,0.068874046
2021-03-19 00:00:00,0.06889315
2021-03-19 01:00:00,3.929017e-06
2021-03-19 02:00:00,3.783498e-06
2021-03-19 03:00:00,1.8510036e-05
2021-03-19 04:00:00,0.00014901161
2021-03-19 05:00:00,0.0005639158
2021-03-19 06:00:00,0.0019349391
2021-03-19 07:00:00,0.011628494
2021-03-19 08:00:00,0.03248628
2021-03-19 09:00:00,0.060846653
2021-03-19 10:00:00,0.07454734
2021-03-19 11:00:00,0.07790406
2021-03-19 12:00:00,0.07990664
2021-03-19 13:00:00,0.081569515
2021-03-19 14:00:00,0.086160235
2021-03-19 15:00:00,0.089754626
2021-03-19 16:00:00,0.09035056
2021-03-19 17:00:00,0.10190126
2021-03-19 18:00:00,0.10380715
2021-03-19 19:00:00,0.11496134
2021-03-19 20:00:00,0.1199895
2021-03-19 21:00:00,0.13119724
2021-03-19 22:00:00,0.13485965
2021-03-19 23:00:00,0.13579915
2021-03-20 00:00:00,0.13645016
2021-03-20 01:00:00,0.0005361362
2021-03-20 02:00:00,0.0010310905
2021-03-20 03:00:00,0.0013873796
2021-03-20 04:00:00,0.003269175
2021-03-20 05:00:00,0.033186868
2021-03-20 06:00:00,0.03896491
2021-03-20 07:00:00,0.057356197
2021-03-20 08:00:00,0.071737565
2021-03-20 09:00:00,0.10469882
2021-03-20 10:00:00,0.13053627
2021-03-20 11:00:00,0.20258513
2021-03-20 12:00:00,0.20852801
2021-03-20 13:00:00,0.21002954
2021-03-20 14:00:00,0.21010613
2021-03-20 15:00:00,0.21010777
2021-03-20 16:00:00,0.21010777
2021-03-20 17:00:00,0.21010847
2021-03-20 18:00:00,0.21011057
2021-03-20 19:00:00,0.2101115
2021-03-20 20:00:00,0.21054034
2021-03-20 21:00:00,0.2105408
2021-03-20 22:00:00,0.2105408
2021-03-20 23:00:00,0.2105408
2021-03-21 00:00:00,0.2105408
2021-03-21 01:00:00,0.0
2021-03-21 02:00:00,0.0
2021-03-21 03:00:00,0.0
2021-03-21 04:00:00,0.0
2021-03-21 05:00:00,0.0
2021-03-21 06:00:00,0.00017997809
2021-03-21 07:00:00,0.017129816
2021-03-21 08:00:00,0.08858462
2021-03-21 09:00:00,0.2690422
2021-03-21 10:00:00,0.4507683
2021-03-21 11:00:00,0.51243603
2021-03-21 12:00:00,0.5506363
2021-03-21 13:00:00,0.7205154
2021-03-21 14:00:00,0.74009264
2021-03-21 15:00:00,0.74324656
2021-03-21 16:00:00,0.74437
2021-03-21 17:00:00,0.7448232
2021-03-21 18:00:00,0.74504375
2021-03-21 19:00:00,0.7456938
2021-03-21 20:00:00,0.7461194
2021-03-21 21:00:00,0.7465516
2021-03-21 22:00:00,0.7468738
2021-03-21 23:00:00,0.74724007
2021-03-22 00:00:00,0.74760747
2021-03-22 01:00:00,0.0003226305
2021-03-22 02:00:00,0.0009434589
2021-03-22 03:00:00,0.0029773219
2021-03-22 04:00:00,0.0210625
2021-03-22 05:00:00,0.108058736
2021-03-22 06:00:00,0.21429849
2021-03-22 07:00:00,0.38030124
2021-03-22 08:00:00,0.55207765
2021-03-22 09:00:00,0.7397232
2021-03-22 10:00:00,1.0836415
2021-03-22 11:00:00,1.5147015
2021-03-22 12:00:00,2.082017
2021-03-22 13:00:00,2.7896814
2021-03-22 14:00:00,3.304634
2021-03-22 15:00:00,3.472984
2021-03-22 16:00:00,3.5209823
2021-03-22 17:00:00,3.5344303
2021-03-22 18:00:00,3.5432687
2021-03-22 19:00:00,3.559307
2021-03-22 20:00:00,3.596215
2021-03-22 21:00:00,3.633102
2021-03-22 22:00:00,3.6606572
2021-03-22 23:00:00,3.690669
2021-03-23 00:00:00,3.730929
2021-03-23 01:00:00,0.07923241
2021-03-23 02:00:00,0.21781579
2021-03-23 03:00:00,0.44821453
2021-03-23 04:00:00,0.8708271
2021-03-23 05:00:00,1.3264273
2021-03-23 06:00:00,1.7198768
2021-03-23 07:00:00,2.1243913
2021-03-23 08:00:00,2.5965786
2021-03-23 09:00:00,3.183598
2021-03-23 10:00:00,3.938708
2021-03-23 11:00:00,4.879814
2021-03-23 12:00:00,5.6421466
2021-03-23 13:00:00,6.201418
2021-03-23 14:00:00,6.6178813
2021-03-23 15:00:00,6.8291616
2021-03-23 16:00:00,7.0085673
2021-03-23 17:00:00,7.3091044
2021-03-23 18:00:00,7.681012
2021-03-23 19:00:00,7.993634
2021-03-23 20:00:00,8.255423
2021-03-23 21:00:00,8.474314
2021-03-23 22:00:00,8.636955
2021-03-23 23:00:00,8.75157
2021-03-24 00:00:00,8.898878
2021-03-24 01:00:00,0.15773931
2021-03-24 02:00:00,0.23564626
2021-03-24 03:00:00,0.28559256
2021-03-24 04:00:00,0.29951334
2021-03-24 05:00:00,0.3182109
2021-03-24 06:00:00,0.34934458
2021-03-24 07:00:00,0.41123667
2021-03-24 08:00:00,0.49752674
2021-03-24 09:00:00,0.5852562
2021-03-24 10:00:00,0.65897846
2021-03-24 11:00:00,0.72609603
2021-03-24 12:00:00,0.74223214
2021-03-24 13:00:00,0.7500885
2021-03-24 14:00:00,0.75155914
2021-03-24 15:00:00,0.75173765
2021-03-24 16:00:00,0.7518387
2021-03-24 17:00:00,0.751957
2021-03-24 18:00:00,0.75210226
2021-03-24 19:00:00,0.75274956
2021-03-24 20:00:00,0.7539589
2021-03-24 21:00:00,0.75502944
2021-03-24 22:00:00,0.75569254
2021-03-24 23:00:00,0.75619406
2021-03-25 00:00:00,0.7563691
2021-03-25 01:00:00,0.00013559475
2021-03-25 02:00:00,0.0002545421
2021-03-25 03:00:00,0.00039010774
2021-03-25 04:00:00,0.0005288748
2021-03-25 05:00:00,0.00057113357
2021-03-25 06:00:00,0.00057183206
2021-03-25 07:00:00,0.05685631
2021-03-25 08:00:00,0.08887469
2021-03-25 09:00:00,0.10004312
2021-03-25 10:00:00,0.10048048
2021-03-25 11:00:00,0.11457559
2021-03-25 12:00:00,0.11457559
2021-03-25 13:00:00,0.11457559
2021-03-25 14:00:00,0.11457559
2021-03-25 15:00:00,0.11457559
2021-03-25 16:00:00,0.11457559
2021-03-25 17:00:00,0.115004815
2021-03-25 18:00:00,0.11500667
2021-03-25 19:00:00,0.11500499
2021-03-25 20:00:00,0.1150042
2021-03-25 21:00:00,0.11500474
2021-03-25 22:00:00,0.11500474
2021-03-25 23:00:00,0.11500474
2021-03-26 00:00:00,0.115993336
2021-03-26 01:00:00,0.0
2021-03-26 02:00:00,0.0
2021-03-26 03:00:00,0.0
2021-03-26 04:00:00,0.0
2021-03-26 05:00:00,0.0
2021-03-26 06:00:00,0.0
2021-03-26 07:00:00,0.00042617318
2021-03-26 08:00:00,0.00042617318
2021-03-26 09:00:00,0.00042617318
2021-03-26 10:00:00,0.00042617318
2021-03-26 11:00:00,0.00042617318
2021-03-26 12:00:00,0.00042617318
2021-03-26 13:00:00,0.00042617318
2021-03-26 14:00:00,0.00042617318
2021-03-26 15:00:00,0.00042617318
2021-03-26 16:00:00,0.00042617318
2021-03-26 17:00:00,0.00042617318
2021-03-26 18:00:00,0.00042617318
2021-03-26 19:00:00,0.00042617318
2021-03-26 20:00:00,0.00042617318
2021-03-26 21:00:00,0.00042617318
2021-03-26 22:00:00,0.00042617318
2021-03-26 23:00:00,0.00042617318
2021-03-27 00:00:00,0.00042617318
2021-03-27 01:00:00,0.0
2021-03-27 02:00:00,0.0
2021-03-27 03:00:00,0.0
2021-03-27 04:00:00,0.0
2021-03-27 05:00:00,0.0
2021-03-27 06:00:00,0.0
2021-03-27 07:00:00,0.00015948899
2021-03-27 08:00:00,0.03159221
2021-03-27 09:00:00,0.11325941
2021-03-27 10:00:00,0.22766134
2021-03-27 11:00:00,0.24280415
2021-03-27 12:00:00,0.24326286
2021-03-27 13:00:00,0.24334387
2021-03-27 14:00:00,0.2433455
2021-03-27 15:00:00,0.2433455
2021-03-27 16:00:00,0.2433455
2021-03-27 17:00:00,0.24420321
2021-03-27 18:00:00,0.2450679
2021-03-27 19:00:00,0.2452437
2021-03-27 20:00:00,0.2457371
2021-03-27 21:00:00,0.24588747
2021-03-27 22:00:00,0.24643792
2021-03-27 23:00:00,0.24660626
2021-03-28 00:00:00,0.24680533
2021-03-28 01:00:00,0.00012165401
2021-03-28 02:00:00,0.073075235
2021-03-28 03:00:00,0.27033028
2021-03-28 04:00:00,0.4024649
2021-03-28 05:00:00,0.43365312
2021-03-28 06:00:00,0.44394413
2021-03-28 07:00:00,0.50946265
2021-03-28 08:00:00,0.676349
2021-03-28 09:00:00,0.91586226
2021-03-28 10:00:00,1.1436952
2021-03-28 11:00:00,1.2668004
2021-03-28 12:00:00,1.3014135
2021-03-28 13:00:00,1.3223937
2021-03-28 14:00:00,1.3401148
2021-03-28 15:00:00,1.3504684
2021-03-28 16:00:00,1.3725712
2021-03-28 17:00:00,1.4846855
2021-03-28 18:00:00,1.592513
2021-03-28 19:00:00,1.7448925
2021-03-28 20:00:00,1.8392298
2021-03-28 21:00:00,1.8493669
2021-03-28 22:00:00,1.8576803
2021-03-28 23:00:00,1.8956051
2021-03-29 00:00:00,1.9668136
2021-03-29 01:00:00,0.18196729
2021-03-29 02:00:00,0.45867604
2021-03-29 03:00:00,0.8248787
2021-03-29 04:00:00,1.3135352
2021-03-29 05:00:00,1.8527229
2021-03-29 06:00:00,2.419531
2021-03-29 07:00:00,2.7517338
2021-03-29 08:00:00,3.0172646
2021-03-29 09:00:00,3.235898
2021-03-29 10:00:00,3.3707738
2021-03-29 11:00:00,3.4191084
2021-03-29 12:00:00,3.4609299
2021-03-29 13:00:00,3.528191
2021-03-29 14:00:00,3.6810324
2021-03-29 15:00:00,3.8495693
2021-03-29 16:00:00,3.9441187
2021-03-29 17:00:00,4.0066566
2021-03-29 18:00:00,4.209732
2021-03-29 19:00:00,4.3623633
2021-03-29 20:00:00,4.5999804
2021-03-29 21:00:00,4.7578077
2021-03-29 22:00:00,4.896599
2021-03-29 23:00:00,5.015004
2021-03-30 00:00:00,5.114998
2021-03-30 01:00:00,0.108743936
2021-03-30 02:00:00,0.22219193
2021-03-30 03:00:00,0.4000007
2021-03-30 04:00:00,0.56764066
2021-03-30 05:00:00,0.6683819
2021-03-30 06:00:00,0.78831017
2021-03-30 07:00:00,0.9050033
2021-03-30 08:00:00,1.0153594
2021-03-30 09:00:00,1.1038649
2021-03-30 10:00:00,1.2289453
2021-03-30 11:00:00,1.2824595
2021-03-30 12:00:00,1.36554
2021-03-30 13:00:00,1.4628451
2021-03-30 14:00:00,1.5570492
2021-03-30 15:00:00,1.6579673
2021-03-30 16:00:00,1.9981577
2021-03-30 17:00:00,2.0246406
2021-03-30 18:00:00,2.1035445
2021-03-30 19:00:00,2.120968
2021-03-30 20:00:00,2.2014294
2021-03-30 21:00:00,2.2760296
2021-03-30 22:00:00,2.294316
2021-03-30 23:00:00,2.335529
2021-03-31 00:00:00,2.42554
2021-03-31 01:00:00,0.09295323
2021-03-31 02:00:00,0.17918745
2021-03-31 03:00:00,0.2429412
2021-03-31 04:00:00,0.29253903
2021-03-31 05:00:00,0.3306151
2021-03-31 06:00:00,0.3621874
2021-03-31 07:00:00,0.43766177
2021-03-31 08:00:00,0.5460133
2021-03-31 09:00:00,0.6813556
2021-03-31 10:00:00,0.8298412
2021-03-31 11:00:00,0.9847536
2021-03-31 12:00:00,1.149744
2021-03-31 13:00:00,1.3033316
2021-03-31 14:00:00,1.4216104
2021-03-31 15:00:00,1.5021557
2021-03-31 16:00:00,1.5680473
2021-03-31 17:00:00,1.6357574
2021-03-31 18:00:00,1.7001455
2021-03-31 19:00:00,1.7250257
2021-03-31 20:00:00,1.7508326
2021-03-31 21:00:00,1.7865863
2021-03-31 22:00:00,1.8286595
2021-03-31 23:00:00,1.8717965
2021-04-01 00:00:00,1.9104799
2021-04-01 01:00:00,0.031725504
2021-04-01 02:00:00,0.056365736
2021-04-01 03:00:00,0.09097677
2021-04-01 04:00:00,0.10554889
2021-04-01 05:00:00,0.11407304
2021-04-01 06:00:00,0.11560716
2021-04-01 07:00:00,0.26447907
2021-04-01 08:00:00,0.3550185
2021-04-01 09:00:00,0.411916
2021-04-01 10:00:00,0.48498568
2021-04-01 11:00:00,0.60218275
2021-04-01 12:00:00,0.64004457
2021-04-01 13:00:00,0.6414856
2021-04-01 14:00:00,0.6434335
2021-04-01 15:00:00,0.6540073
2021-04-01 16:00:00,0.65456325
2021-04-01 17:00:00,0.65604967
2021-04-01 18:00:00,0.6620202
2021-04-01 19:00:00,0.66915965
2021-04-01 20:00:00,0.6766745
2021-04-01 21:00:00,0.6851804
2021-04-01 22:00:00,0.6926819
2021-04-01 23:00:00,0.69792145
2021-04-02 00:00:00,0.7017507
2021-04-02 01:00:00,0.001899054
2021-04-02 02:00:00,0.0024174224
2021-04-02 03:00:00,0.014366291
2021-04-02 04:00:00,0.114311464
2021-04-02 05:00:00,0.24079216
2021-04-02 06:00:00,0.3100912
2021-04-02 07:00:00,0.42862004
2021-04-02 08:00:00,0.48146185
2021-04-02 09:00:00,0.59974825
2021-04-02 10:00:00,0.74419665
2021-04-02 11:00:00,0.8543512
2021-04-02 12:00:00,0.9895221
2021-04-02 13:00:00,1.1198692
2021-04-02 14:00:00,1.2170337
2021-04-02 15:00:00,1.2894769
2021-04-02 16:00:00,1.3394377
2021-04-02 17:00:00,1.3685846
2021-04-02 18:00:00,1.3821305
2021-04-02 19:00:00,1.3912418
2021-04-02 20:00:00,1.3945224
2021-04-02 21:00:00,1.3962882
2021-04-02 22:00:00,1.3971361
2021-04-02 23:00:00,1.3975626
2021-04-03 00:00:00,1.3983251
2021-04-03 01:00:00,5.6112185e-05
2021-04-03 02:00:00,8.8475645e-05
2021-04-03 03:00:00,9.185169e-05
2021-04-03 04:00:00,9.185169e-05
2021-04-03 05:00:00,9.185169e-05
2021-04-03 06:00:00,0.030644821
2021-04-03 07:00:00,0.12329291
2021-04-03 08:00:00,0.1601458
2021-04-03 09:00:00,0.19115698
2021-04-03 10:00:00,0.22115907
2021-04-03 11:00:00,0.2269058
2021-04-03 12:00:00,0.22826019
2021-04-03 13:00:00,0.22854935
2021-04-03 14:00:00,0.22867462
2021-04-03 15:00:00,0.22871746
2021-04-03 16:00:00,0.22875844
2021-04-03 17:00:00,0.22897963
2021-04-03 18:00:00,0.22909139
2021-04-03 19:00:00,0.2292092
2021-04-03 20:00:00,0.22936147
2021-04-03 21:00:00,0.22956078
2021-04-03 22:00:00,0.2305528
2021-04-03 23:00:00,0.23070228
2021-04-04 00:00:00,0.23080336
2021-04-04 01:00:00,2.2613676e-05
2021-04-04 02:00:00,3.905734e-05
2021-04-04 03:00:00,4.33065e-05
2021-04-04 04:00:00,4.5401976e-05
2021-04-04 05:00:00,4.5401976e-05
2021-04-04 06:00:00,4.5401976e-05
2021-04-04 07:00:00,0.0021201093
2021-04-04 08:00:00,0.0028290786
2021-04-04 09:00:00,0.008198968
2021-04-04 10:00:00,0.037574276
2021-04-04 11:00:00,0.042736016
2021-04-04 12:00:00,0.042762794
2021-04-04 13:00:00,0.04316815
2021-04-04 14:00:00,0.044854313
2021-04-04 15:00:00,0.04904014
2021-04-04 16:00:00,0.06498578
2021-04-04 17:00:00,0.20763692
2021-04-04 18:00:00,0.33322555
2021-04-04 19:00:00,0.3397285
2021-04-04 20:00:00,0.36068094
2021-04-04 21:00:00,0.37818933
2021-04-04 22:00:00,0.42852545
2021-04-04 23:00:00,0.47164142
2021-04-05 00:00:00,0.48577
2021-04-05 01:00:00,0.01336544
2021-04-05 02:00:00,0.028761221
2021-04-05 03:00:00,0.03491959
2021-04-05 04:00:00,0.035533447
2021-04-05 05:00:00,0.035688512
2021-04-05 06:00:00,0.057662837
2021-04-05 07:00:00,0.2048593
2021-04-05 08:00:00,0.73620933
2021-04-05 09:00:00,1.6686585
2021-04-05 10:00:00,2.857626
2021-04-05 11:00:00,3.7720096
2021-04-05 12:00:00,4.5774527
2021-04-05 13:00:00,5.2348166
2021-04-05 14:00:00,5.9291983
2021-04-05 15:00:00,6.6500616
2021-04-05 16:00:00,7.239112
2021-04-05 17:00:00,7.6225123
2021-04-05 18:00:00,7.897669
2021-04-05 19:00:00,8.181753
2021-04-05 20:00:00,8.423871
2021-04-05 21:00:00,8.590593
2021-04-05 22:00:00,8.7565
2021-04-05 23:00:00,8.943312
2021-04-06 00:00:00,9.081131
2021-04-06 01:00:00,0.073935255
2021-04-06 02:00:00,0.13705179
2021-04-06 03:00:00,0.24195725
2021-04-06 04:00:00,0.43957084
2021-04-06 05:00:00,0.5394012
2021-04-06 06:00:00,0.92895
2021-04-06 07:00:00,1.5985024
2021-04-06 08:00:00,2.2962108
2021-04-06 09:00:00,3.0538692
2021-04-06 10:00:00,3.8663023
2021-04-06 11:00:00,4.630206
2021-04-06 12:00:00,5.1839437
2021-04-06 13:00:00,5.496456
2021-04-06 14:00:00,5.6410637
2021-04-06 15:00:00,5.71574
2021-04-06 16:00:00,5.7833333
2021-04-06 17:00:00,5.83632
2021-04-06 18:00:00,5.946606
2021-04-06 19:00:00,6.082244
2021-04-06 20:00:00,6.308877
2021-04-06 21:00:00,6.8352194
2021-04-06 22:00:00,7.703417
2021-04-06 23:00:00,8.993478
2021-04-07 00:00:00,10.500746
2021-04-07 01:00:00,1.5654471
2021-04-07 02:00:00,3.1257246
2021-04-07 03:00:00,4.403611
2021-04-07 04:00:00,5.304593
2021-04-07 05:00:00,6.164757
2021-04-07 06:00:00,6.7284613
2021-04-07 07:00:00,7.37081
2021-04-07 08:00:00,8.250141
2021-04-07 09:00:00,8.834295
2021-04-07 10:00:00,9.191864
2021-04-07 11:00:00,9.411011
2021-04-07 12:00:00,9.5293255
2021-04-07 13:00:00,9.556271
2021-04-07 14:00:00,9.572059
2021-04-07 15:00:00,9.578401
2021-04-07 16:00:00,9.579364
2021-04-07 17:00:00,9.579952
2021-04-07 18:00:00,9.580566
2021-04-07 19:00:00,9.580887
2021-04-07 20:00:00,9.58165
2021-04-07 21:00:00,9.58242
2021-04-07 22:00:00,9.583013
2021-04-07 23:00:00,9.583532
2021-04-08 00:00:00,9.583928
2021-04-08 01:00:00,0.00035317498
2021-04-08 02:00:00,0.0007210765
2021-04-08 03:00:00,0.001046923
2021-04-08 04:00:00,0.0013152603
2021-04-08 05:00:00,0.002184417
2021-04-08 06:00:00,0.03079942
2021-04-08 07:00:00,0.13867848
2021-04-08 08:00:00,0.2059252
2021-04-08 09:00:00,0.29320645
2021-04-08 10:00:00,0.4369625
2021-04-08 11:00:00,0.5556415
2021-04-08 12:00:00,0.667474
2021-04-08 13:00:00,0.8160378
2021-04-08 14:00:00,1.0470972
2021-04-08 15:00:00,1.1514628
2021-04-08 16:00:00,1.1724496
2021-04-08 17:00:00,1.1835568
2021-04-08 18:00:00,1.189972
2021-04-08 19:00:00,1.1904309
2021-04-08 20:00:00,1.1910629
2021-04-08 21:00:00,1.1918284
2021-04-08 22:00:00,1.1928945
2021-04-08 23:00:00,1.1940398
2021-04-09 00:00:00,1.1947963
2021-04-09 01:00:00,0.0006086775
2021-04-09 02:00:00,0.0009747164
2021-04-09 03:00:00,0.0012580713
2021-04-09 04:00:00,0.0013937824
2021-04-09 05:00:00,0.02662721
2021-04-09 06:00:00,0.08740014
2021-04-09 07:00:00,0.1405218
2021-04-09 08:00:00,0.18593204
2021-04-09 09:00:00,0.21947885
2021-04-09 10:00:00,0.26818597
2021-04-09 11:00:00,0.28205502
2021-04-09 12:00:00,0.2942367
2021-04-09 13:00:00,0.2967713
2021-04-09 14:00:00,0.29749563
2021-04-09 15:00:00,0.29796967
2021-04-09 16:00:00,0.29817992
2021-04-09 17:00:00,0.29857618
2021-04-09 18:00:00,0.29894617
2021-04-09 19:00:00,0.2991308
2021-04-09 20:00:00,0.29971266
2021-04-09 21:00:00,0.30014268
2021-04-09 22:00:00,0.30061975
2021-04-09 23:00:00,0.30157018
2021-04-10 00:00:00,0.30223793
2021-04-10 01:00:00,0.00047768117
2021-04-10 02:00:00,0.0008956413
2021-04-10 03:00:00,0.0012613018
2021-04-10 04:00:00,0.013661105
2021-04-10 05:00:00,0.014307676
2021-04-10 06:00:00,0.032777548
2021-04-10 07:00:00,0.05288294
2021-04-10 08:00:00,0.082848355
2021-04-10 09:00:00,0.13183802
2021-04-10 10:00:00,0.16793492
2021-04-10 11:00:00,0.17375046
2021-04-10 12:00:00,0.17707631
2021-04-10 13:00:00,0.17909858
2021-04-10 14:00:00,0.18012977
2021-04-10 15:00:00,0.18069986
2021-04-10 16:00:00,0.1808775
2021-04-10 17:00:00,0.18104468
2021-04-10 18:00:00,0.18122607
2021-04-10 19:00:00,0.18160325
2021-04-10 20:00:00,0.18197879
2021-04-10 21:00:00,0.18238905
2021-04-10 22:00:00,0.18264796
2021-04-10 23:00:00,0.18302283
2021-04-11 00:00:00,0.18327847
2021-04-11 01:00:00,0.00023227767
2021-04-11 02:00:00,0.00046254718
2021-04-11 03:00:00,0.0007679919
2021-04-11 04:00:00,0.00097049633
2021-04-11 05:00:00,0.0011412776
2021-04-11 06:00:00,0.00555499
2021-04-11 07:00:00,0.03838807
2021-04-11 08:00:00,0.05609496
2021-04-11 09:00:00,0.07120264
2021-04-11 10:00:00,0.07503876
2021-04-11 11:00:00,0.08313312
2021-04-11 12:00:00,0.08467207
2021-04-11 13:00:00,0.08492936
2021-04-11 14:00:00,0.08504996
2021-04-11 15:00:00,0.085159615
2021-04-11 16:00:00,0.08529257
2021-04-11 17:00:00,0.08551679
2021-04-11 18:00:00,0.086097464
2021-04-11 19:00:00,0.08655986
2021-04-11 20:00:00,0.087190375
2021-04-11 21:00:00,0.08766489
2021-04-11 22:00:00,0.088125885
2021-04-11 23:00:00,0.08849074
2021-04-12 00:00:00,0.0887855
2021-04-12 01:00:00,0.00019704748
2021-04-12 02:00:00,0.000361586
2021-04-12 03:00:00,0.00050172093
2021-04-12 04:00:00,0.00063335756
2021-04-12 05:00:00,0.033404328
2021-04-12 06:00:00,0.091312684
2021-04-12 07:00:00,0.14554593
2021-04-12 08:00:00,0.40617037
2021-04-12 09:00:00,0.6032553
2021-04-12 10:00:00,0.7052925
2021-04-12 11:00:00,0.71895224
2021-04-12 12:00:00,0.72658396
2021-04-12 13:00:00,0.73703355
2021-04-12 14:00:00,0.74203324
2021-04-12 15:00:00,0.74482465
2021-04-12 16:00:00,0.7463655
2021-04-12 17:00:00,0.7476228
2021-04-12 18:00:00,0.7486528
2021-04-12 19:00:00,0.7495034
2021-04-12 20:00:00,0.7501641
2021-04-12 21:00:00,0.75046265
2021-04-12 22:00:00,0.7508645
2021-04-12 23:00:00,0.75175965
2021-04-13 00:00:00,0.75263923
2021-04-13 01:00:00,0.00020326115
2021-04-13 02:00:00,0.0002986053
2021-04-13 03:00:00,0.00032165553
2021-04-13 04:00:00,0.00032573007
2021-04-13 05:00:00,0.00032701064
2021-04-13 06:00:00,0.00032701064
2021-04-13 07:00:00,0.00032701064
2021-04-13 08:00:00,0.00044086482
2021-04-13 09:00:00,0.0042582396
2021-04-13 10:00:00,0.0058764126
2021-04-13 11:00:00,0.026277266
2021-04-13 12:00:00,0.026518712
2021-04-13 13:00:00,0.026526162
2021-04-13 14:00:00,0.026526162
2021-04-13 15:00:00,0.026526162
2021-04-13 16:00:00,0.026526162
2021-04-13 17:00:00,0.026526162
2021-04-13 18:00:00,0.026955595
2021-04-13 19:00:00,0.028578192
2021-04-13 20:00:00,0.030015688
2021-04-13 21:00:00,0.030492758
2021-04-13 22:00:00,0.030492758
2021-04-13 23:00:00,0.030492758
2021-04-14 00:00:00,0.030493224
2021-04-14 01:00:00,6.9849193e-07
2021-04-14 02:00:00,1.4551915e-06
2021-04-14 03:00:00,2.8521754e-06
2021-04-14 04:00:00,3.608875e-06
2021-04-14 05:00:00,0.0031532254
2021-04-14 06:00:00,0.0074659474
2021-04-14 07:00:00,0.021374784
2021-04-14 08:00:00,0.055592462
2021-04-14 09:00:00,0.12342849
2021-04-14 10:00:00,0.16089384
2021-04-14 11:00:00,0.17458102
2021-04-14 12:00:00,0.19246823
2021-04-14 13:00:00,0.21826285
2021-04-14 14:00:00,0.22418863
2021-04-14 15:00:00,0.22757328
2021-04-14 16:00:00,0.22963127
2021-04-14 17:00:00,0.2300336
2021-04-14 18:00:00,0.2303414
2021-04-14 19:00:00,0.23174073
2021-04-14 20:00:00,0.2327782
2021-04-14 21:00:00,0.23327275
2021-04-14 22:00:00,0.23359823
2021-04-14 23:00:00,0.23394468
2021-04-15 00:00:00,0.23434283
2021-04-15 01:00:00,0.0005266338
2021-04-15 02:00:00,0.00080955215
2021-04-15 03:00:00,0.0010713702
2021-04-15 04:00:00,0.003541587
2021-04-15 05:00:00,0.025263637
2021-04-15 06:00:00,0.059620246
2021-04-15 07:00:00,0.08689542
2021-04-15 08:00:00,0.120065734
2021-04-15 09:00:00,0.13124417
2021-04-15 10:00:00,0.13704588
2021-04-15 11:00:00,0.14408709
2021-04-15 12:00:00,0.14504398
2021-04-15 13:00:00,0.14557338
2021-04-15 14:00:00,0.14596778
2021-04-15 15:00:00,0.14693591
2021-04-15 16:00:00,0.14742485
2021-04-15 17:00:00,0.14803153
2021-04-15 18:00:00,0.14877856
2021-04-15 19:00:00,0.14936621
2021-04-15 20:00:00,0.14976856
2021-04-15 21:00:00,0.15023561
2021-04-15 22:00:00,0.15171269
2021-04-15 23:00:00,0.15335228
2021-04-16 00:00:00,0.15493366
2021-04-16 01:00:00,0.0011610973
2021-04-16 02:00:00,0.0020717853
2021-04-16 03:00:00,0.0025376212
2021-04-16 04:00:00,0.016891513
2021-04-16 05:00:00,0.07996731
2021-04-16 06:00:00,0.13507856
2021-04-16 07:00:00,0.33348188
2021-04-16 08:00:00,0.5240481
2021-04-16 09:00:00,0.8882936
2021-04-16 10:00:00,1.1289599
2021-04-16 11:00:00,1.4342213
2021-04-16 12:00:00,1.6733022
2021-04-16 13:00:00,1.8523204
2021-04-16 14:00:00,2.106161
2021-04-16 15:00:00,2.3106823
2021-04-16 16:00:00,2.39648
2021-04-16 17:00:00,2.4271426
2021-04-16 18:00:00,2.4630384
2021-04-16 19:00:00,2.5812001
2021-04-16 20:00:00,2.95823
2021-04-16 21:00:00,3.748894
2021-04-16 22:00:00,5.029986
2021-04-16 23:00:00,6.7698584
2021-04-17 00:00:00,8.848288
2021-04-17 01:00:00,1.4746677
2021-04-17 02:00:00,2.0941496
2021-04-17 03:00:00,2.3774033
2021-04-17 04:00:00,2.551712
2021-04-17 05:00:00,2.717383
2021-04-17 06:00:00,2.9356136
2021-04-17 07:00:00,3.425414
2021-04-17 08:00:00,3.8373625
2021-04-17 09:00:00,4.3725657
2021-04-17 10:00:00,4.626469
2021-04-17 11:00:00,4.841815
2021-04-17 12:00:00,5.0868907
2021-04-17 13:00:00,5.3339734
2021-04-17 14:00:00,5.9610767
2021-04-17 15:00:00,6.562829
2021-04-17 16:00:00,7.1896224
2021-04-17 17:00:00,7.7207823
2021-04-17 18:00:00,8.060788
2021-04-17 19:00:00,8.145026
2021-04-17 20:00:00,8.198866
2021-04-17 21:00:00,8.238872
2021-04-17 22:00:00,8.2778845
2021-04-17 23:00:00,8.30521
2021-04-18 00:00:00,8.320965
2021-04-18 01:00:00,0.0086785
2021-04-18 02:00:00,0.013124721
2021-04-18 03:00:00,0.017087208
2021-04-18 04:00:00,0.053738475
2021-04-18 05:00:00,0.07505308
2021-04-18 06:00:00,0.15413529
2021-04-18 07:00:00,0.33246422
2021-04-18 08:00:00,0.54787844
2021-04-18 09:00:00,0.7950198
2021-04-18 10:00:00,0.97025347
2021-04-18 11:00:00,1.0905874
2021-04-18 12:00:00,1.1383957
2021-04-18 13:00:00,1.2006816
2021-04-18 14:00:00,1.2623079
2021-04-18 15:00:00,1.2807106
2021-04-18 16:00:00,1.3060955
2021-04-18 17:00:00,1.3643247
2021-04-18 18:00:00,1.4261925
2021-04-18 19:00:00,1.4263215
2021-04-18 20:00:00,1.4264752
2021-04-18 21:00:00,1.4657917
2021-04-18 22:00:00,1.4678631
2021-04-18 23:00:00,1.4881094
2021-04-19 00:00:00,1.5170972
2021-04-19 01:00:00,0.028317358
2021-04-19 02:00:00,0.032608047
2021-04-19 03:00:00,0.04704413
2021-04-19 04:00:00,0.04977209
2021-04-19 05:00:00,0.053356286
2021-04-19 06:00:00,0.06752869
2021-04-19 07:00:00,0.1165683
2021-04-19 08:00:00,0.18052106
2021-04-19 09:00:00,0.256032
2021-04-19 10:00:00,0.29311097
2021-04-19 11:00:00,0.3192641
2021-04-19 12:00:00,0.35937363
2021-04-19 13:00:00,0.38242805
2021-04-19 14:00:00,0.390352
2021-04-19 15:00:00,0.39098227
2021-04-19 16:00:00,0.39135155
2021-04-19 17:00:00,0.39187145
2021-04-19 18:00:00,0.39213312
2021-04-19 19:00:00,0.39280903
2021-04-19 20:00:00,0.39344513
2021-04-19 21:00:00,0.39405003
2021-04-19 22:00:00,0.39444444
2021-04-19 23:00:00,0.39481232
2021-04-20 00:00:00,0.39520723
2021-04-20 01:00:00,0.00033166725
2021-04-20 02:00:00,0.000592554
2021-04-20 03:00:00,0.0007079216
2021-04-20 04:00:00,0.0007827766
2021-04-20 05:00:00,0.0021825545
2021-04-20 06:00:00,0.017775921
2021-04-20 07:00:00,0.096206084
2021-04-20 08:00:00,0.2591483
2021-04-20 09:00:00,0.8145146
2021-04-20 10:00:00,1.8292427
2021-04-20 11:00:00,3.131784
2021-04-20 12:00:00,4.1662827
2021-04-20 13:00:00,5.133113
2021-04-20 14:00:00,6.0596023
2021-04-20 15:00:00,7.214774
2021-04-20 16:00:00,8.620658
2021-04-20 17:00:00,10.394627
2021-04-20 18:00:00,13.008318
2021-04-20 19:00:00,15.230996
2021-04-20 20:00:00,17.52021
2021-04-20 21:00:00,19.505077
2021-04-20 22:00:00,21.338871
2021-04-20 23:00:00,23.040226
2021-04-21 00:00:00,24.390831
2021-04-21 01:00:00,1.049433
2021-04-21 02:00:00,1.8237345
2021-04-21 03:00:00,2.4411736
2021-04-21 04:00:00,3.1373227
2021-04-21 05:00:00,3.8164473
2021-04-21 06:00:00,4.699029
2021-04-21 07:00:00,5.3727016
2021-04-21 08:00:00,6.0385547
2021-04-21 09:00:00,6.795821
2021-04-21 10:00:00,7.5417275
2021-04-21 11:00:00,8.471987
2021-04-21 12:00:00,9.23479
2021-04-21 13:00:00,9.733606
2021-04-21 14:00:00,10.24316
2021-04-21 15:00:00,11.084541
2021-04-21 16:00:00,12.162479
2021-04-21 17:00:00,13.496887
2021-04-21 18:00:00,15.097655
2021-04-21 19:00:00,17.19289
2021-04-21 20:00:00,18.496277
2021-04-21 21:00:00,19.505665
2021-04-21 22:00:00,20.42078
2021-04-21 23:00:00,21.322052
2021-04-22 00:00:00,22.006329
2021-04-22 01:00:00,0.76656604
2021-04-22 02:00:00,1.2896749
2021-04-22 03:00:00,1.7369533
2021-04-22 04:00:00,2.0560422
2021-04-22 05:00:00,2.4370623
2021-04-22 06:00:00,2.9706385
2021-04-22 07:00:00,3.4393458
2021-04-22 08:00:00,3.9065933
2021-04-22 09:00:00,4.607315
2021-04-22 10:00:00,5.385647
2021-04-22 11:00:00,6.0173397
2021-04-22 12:00:00,6.702798
2021-04-22 13:00:00,6.8922205
2021-04-22 14:00:00,7.159278
2021-04-22 15:00:00,7.446086
2021-04-22 16:00:00,7.6327744
2021-04-22 17:00:00,7.7514715
2021-04-22 18:00:00,7.8218646
2021-04-22 19:00:00,8.101725
2021-04-22 20:00:00,8.21402
2021-04-22 21:00:00,8.275389
2021-04-22 22:00:00,8.309549
2021-04-22 23:00:00,8.322964
2021-04-23 00:00:00,8.331873
2021-04-23 01:00:00,0.01109956
2021-04-23 02:00:00,0.016356934
2021-04-23 03:00:00,0.030731084
2021-04-23 04:00:00,0.13976277
2021-04-23 05:00:00,0.40500236
2021-04-23 06:00:00,1.376312
2021-04-23 07:00:00,3.759756
2021-04-23 08:00:00,6.2589407
2021-04-23 09:00:00,8.282522
2021-04-23 10:00:00,9.809101
2021-04-23 11:00:00,11.354421
2021-04-23 12:00:00,12.583263
2021-04-23 13:00:00,13.402376
2021-04-23 14:00:00,14.14723
2021-04-23 15:00:00,15.280373
2021-04-23 16:00:00,17.009241
2021-04-23 17:00:00,18.671911
2021-04-23 18:00:00,19.539791
2021-04-23 19:00:00,20.215496
2021-04-23 20:00:00,20.414433
2021-04-23 21:00:00,20.599125
2021-04-23 22:00:00,20.878237
2021-04-23 23:00:00,21.246908
2021-04-24 00:00:00,21.579594
2021-04-24 01:00:00,0.23670636
2021-04-24 02:00:00,0.35931605
2021-04-24 03:00:00,0.39513874
2021-04-24 04:00:00,0.41795617
2021-04-24 05:00:00,0.4712592
2021-04-24 06:00:00,0.4955988
2021-04-24 07:00:00,0.5197795
2021-04-24 08:00:00,0.5526233
2021-04-24 09:00:00,0.64365846
2021-04-24 10:00:00,0.7228099
2021-04-24 11:00:00,0.9597396
2021-04-24 12:00:00,1.0478864
2021-04-24 13:00:00,1.1354187
2021-04-24 14:00:00,1.1354845
2021-04-24 15:00:00,1.1355147
2021-04-24 16:00:00,1.135776
2021-04-24 17:00:00,1.1364906
2021-04-24 18:00:00,1.1368794
2021-04-24 19:00:00,1.1370394
2021-04-24 20:00:00,1.1370786
2021-04-24 21:00:00,1.1370798
2021-04-24 22:00:00,1.1379381
2021-04-24 23:00:00,1.1379395
2021-04-25 00:00:00,1.137938
2021-04-25 01:00:00,0.0
2021-04-25 02:00:00,0.0
2021-04-25 03:00:00,0.0
2021-04-25 04:00:00,0.0
2021-04-25 05:00:00,0.0
2021-04-25 06:00:00,0.0
2021-04-25 07:00:00,0.0
2021-04-25 08:00:00,2.2351742e-05
2021-04-25 09:00:00,2.2351742e-05
2021-04-25 10:00:00,2.2351742e-05
2021-04-25 11:00:00,2.2351742e-05
2021-04-25 12:00:00,2.2351742e-05
2021-04-25 13:00:00,2.2351742e-05
2021-04-25 14:00:00,2.2351742e-05
2021-04-25 15:00:00,2.2351742e-05
2021-04-25 16:00:00,2.2351742e-05
2021-04-25 17:00:00,2.2351742e-05
2021-04-25 18:00:00,2.2351742e-05
2021-04-25 19:00:00,2.2351742e-05
2021-04-25 20:00:00,2.2351742e-05
2021-04-25 21:00:00,2.2351742e-05
2021-04-25 22:00:00,2.2351742e-05
2021-04-25 23:00:00,2.2351742e-05
2021-04-26 00:00:00,2.2351742e-05
2021-04-26 01:00:00,0.0
2021-04-26 02:00:00,0.0
2021-04-26 03:00:00,0.0
2021-04-26 04:00:00,0.0
2021-04-26 05:00:00,0.0
2021-04-26 06:00:00,0.0
2021-04-26 07:00:00,0.00010221265
2021-04-26 08:00:00,0.0021248125
2021-04-26 09:00:00,0.017278362
2021-04-26 10:00:00,0.048167773
2021-04-26 11:00:00,0.068153724
2021-04-26 12:00:00,0.089827225
2021-04-26 13:00:00,0.12218254
2021-04-26 14:00:00,0.12545706
2021-04-26 15:00:00,0.14672592
2021-04-26 16:00:00,0.1467499
2021-04-26 17:00:00,0.15054457
2021-04-26 18:00:00,0.15112618
2021-04-26 19:00:00,0.15527104
2021-04-26 20:00:00,0.15666662
2021-04-26 21:00:00,0.15666662
2021-04-26 22:00:00,0.15666662
2021-04-26 23:00:00,0.15666662
2021-04-27 00:00:00,0.15666662
2021-04-27 01:00:00,0.0
2021-04-27 02:00:00,0.0
2021-04-27 03:00:00,0.0
2021-04-27 04:00:00,0.0
2021-04-27 05:00:00,0.0
2021-04-27 06:00:00,0.00031013042
2021-04-27 07:00:00,0.05954755
2021-04-27 08:00:00,0.14167483
2021-04-27 09:00:00,0.19588806
2021-04-27 10:00:00,0.541541
2021-04-27 11:00:00,0.7582395
2021-04-27 12:00:00,0.82394683
2021-04-27 13:00:00,0.8288973
2021-04-27 14:00:00,0.8317653
2021-04-27 15:00:00,0.8366604
2021-04-27 16:00:00,0.83912086
2021-04-27 17:00:00,0.83912086
2021-04-27 18:00:00,0.8391202
2021-04-27 19:00:00,0.8392818
2021-04-27 20:00:00,0.8397105
2021-04-27 21:00:00,0.8397105
2021-04-27 22:00:00,0.8397105
2021-04-27 23:00:00,0.8397105
2021-04-28 00:00:00,0.8397105
2021-04-28 01:00:00,0.0
2021-04-28 02:00:00,0.0
2021-04-28 03:00:00,0.0
2021-04-28 04:00:00,0.0
2021-04-28 05:00:00,0.01565751
2021-04-28 06:00:00,0.026769238
2021-04-28 07:00:00,0.031802572
2021-04-28 08:00:00,0.061367407
2021-04-28 09:00:00,0.073962145
2021-04-28 10:00:00,0.1060355
2021-04-28 11:00:00,0.11398434
2021-04-28 12:00:00,0.11461205
2021-04-28 13:00:00,0.11466537
2021-04-28 14:00:00,0.11472381
2021-04-28 15:00:00,0.11472381
2021-04-28 16:00:00,0.11472381
2021-04-28 17:00:00,0.114723116
2021-04-28 18:00:00,0.1151531
2021-04-28 19:00:00,0.11808793
2021-04-28 20:00:00,0.1195699
2021-04-28 21:00:00,0.119687945
2021-04-28 22:00:00,0.119687945
2021-04-28 23:00:00,0.119687945
2021-04-29 00:00:00,0.119687945
2021-04-29 01:00:00,0.0
2021-04-29 02:00:00,0.0
2021-04-29 03:00:00,3.4924597e-07
2021-04-29 04:00:00,0.023847561
2021-04-29 05:00:00,0.079167426
2021-04-29 06:00:00,0.13560265
2021-04-29 07:00:00,0.322002
2021-04-29 08:00:00,0.4525783
2021-04-29 09:00:00,0.6056198
2021-04-29 10:00:00,0.76631224
2021-04-29 11:00:00,0.99601245
2021-04-29 12:00:00,1.0117011
2021-04-29 13:00:00,1.0160782
2021-04-29 14:00:00,1.0160841
2021-04-29 15:00:00,1.0160918
2021-04-29 16:00:00,1.016105
2021-04-29 17:00:00,1.016191
2021-04-29 18:00:00,1.0162841
2021-04-29 19:00:00,1.0171105
2021-04-29 20:00:00,1.07213
2021-04-29 21:00:00,1.0723938
2021-04-29 22:00:00,1.0727819
2021-04-29 23:00:00,1.07321
2021-04-30 00:00:00,1.0736376
2021-04-30 01:00:00,0.00020656444
2021-04-30 02:00:00,0.0003653986
2021-04-30 03:00:00,0.0004999456
2021-04-30 04:00:00,0.0005842303
2021-04-30 05:00:00,0.0006854534
2021-04-30 06:00:00,0.024162466
2021-04-30 07:00:00,0.15099028
2021-04-30 08:00:00,0.3146515
2021-04-30 09:00:00,0.3618337
2021-04-30 10:00:00,0.4908253
2021-04-30 11:00:00,0.5166584
2021-04-30 12:00:00,0.5229118
2021-04-30 13:00:00,0.52319413
2021-04-30 14:00:00,0.52319413
2021-04-30 15:00:00,0.5231979
2021-04-30 16:00:00,0.5232002
2021-04-30 17:00:00,0.5232083
2021-04-30 18:00:00,0.5232281
2021-04-30 19:00:00,0.5232333
2021-04-30 20:00:00,0.5232512
2021-04-30 21:00:00,0.52335036
2021-04-30 22:00:00,0.52348053
2021-04-30 23:00:00,0.5236419
2021-05-01 00:00:00,0.52383626
2021-05-01 01:00:00,0.00012223609
2021-05-01 02:00:00,0.00020759762
2021-05-01 03:00:00,0.0002415618
2021-05-01 04:00:00,0.0017114216
2021-05-01 05:00:00,0.051522978
2021-05-01 06:00:00,0.111390606
2021-05-01 07:00:00,0.17971592
2021-05-01 08:00:00,0.31072366
2021-05-01 09:00:00,0.42462188
2021-05-01 10:00:00,0.5722812
2021-05-01 11:00:00,0.6018798
2021-05-01 12:00:00,0.61046934
2021-05-01 13:00:00,0.6114186
2021-05-01 14:00:00,0.61191225
2021-05-01 15:00:00,0.6119781
2021-05-01 16:00:00,0.6119781
2021-05-01 17:00:00,0.6119781
2021-05-01 18:00:00,0.6119781
2021-05-01 19:00:00,0.61371225
2021-05-01 20:00:00,0.6141658
2021-05-01 21:00:00,0.6143674
2021-05-01 22:00:00,0.6145262
2021-05-01 23:00:00,0.6146455
2021-05-02 00:00:00,0.61478746
2021-05-02 01:00:00,0.00019915751
2021-05-02 02:00:00,0.0004514004
2021-05-02 03:00:00,0.0026528141
2021-05-02 04:00:00,0.01833099
2021-05-02 05:00:00,0.03168825
2021-05-02 06:00:00,0.059322335
2021-05-02 07:00:00,0.27310652
2021-05-02 08:00:00,0.63953036
2021-05-02 09:00:00,1.073458
2021-05-02 10:00:00,1.4226286
2021-05-02 11:00:00,1.6469114
2021-05-02 12:00:00,1.8479886
2021-05-02 13:00:00,2.1148477
2021-05-02 14:00:00,2.1552882
2021-05-02 15:00:00,2.157627
2021-05-02 16:00:00,2.1577
2021-05-02 17:00:00,2.158217
2021-05-02 18:00:00,2.1589708
2021-05-02 19:00:00,2.1589797
2021-05-02 20:00:00,2.1589842
2021-05-02 21:00:00,2.1590128
2021-05-02 22:00:00,2.159198
2021-05-02 23:00:00,2.1593053
2021-05-03 00:00:00,2.1593459
2021-05-03 01:00:00,4.8428774e-05
2021-05-03 02:00:00,0.00033940887
2021-05-03 03:00:00,0.0030770316
2021-05-03 04:00:00,0.023101281
2021-05-03 05:00:00,0.03505102
2021-05-03 06:00:00,0.07703702
2021-05-03 07:00:00,0.37503546
2021-05-03 08:00:00,0.65229464
2021-05-03 09:00:00,0.893993
2021-05-03 10:00:00,1.1976496
2021-05-03 11:00:00,1.501152
2021-05-03 12:00:00,1.5907092
2021-05-03 13:00:00,1.6002878
2021-05-03 14:00:00,1.6008855
2021-05-03 15:00:00,1.6008894
2021-05-03 16:00:00,1.6008952
2021-05-03 17:00:00,1.6008989
2021-05-03 18:00:00,1.6010258
2021-05-03 19:00:00,1.6011119
2021-05-03 20:00:00,1.6011603
2021-05-03 21:00:00,1.601191
2021-05-03 22:00:00,1.6012089
2021-05-03 23:00:00,1.6012169
2021-05-04 00:00:00,1.6012435
2021-05-04 01:00:00,0.00010948861
2021-05-04 02:00:00,0.00046158675
2021-05-04 03:00:00,0.0021351152
2021-05-04 04:00:00,0.034150608
2021-05-04 05:00:00,0.10276213
2021-05-04 06:00:00,0.20067033
2021-05-04 07:00:00,0.37764233
2021-05-04 08:00:00,1.1021821
2021-05-04 09:00:00,1.7567523
2021-05-04 10:00:00,2.7809658
2021-05-04 11:00:00,3.6330256
2021-05-04 12:00:00,4.0000005
2021-05-04 13:00:00,4.158991
2021-05-04 14:00:00,4.276808
2021-05-04 15:00:00,4.3507576
2021-05-04 16:00:00,4.472127
2021-05-04 17:00:00,4.623056
2021-05-04 18:00:00,4.716365
2021-05-04 19:00:00,4.8612537
2021-05-04 20:00:00,5.0094953
2021-05-04 21:00:00,5.164202
2021-05-04 22:00:00,5.398098
2021-05-04 23:00:00,5.724182
2021-05-05 00:00:00,6.3353157
2021-05-05 01:00:00,0.54622966
2021-05-05 02:00:00,1.0607405
2021-05-05 03:00:00,1.6091211
2021-05-05 04:00:00,1.9983019
2021-05-05 05:00:00,2.415113
2021-05-05 06:00:00,2.904804
2021-05-05 07:00:00,3.5443826
2021-05-05 08:00:00,3.9379537
2021-05-05 09:00:00,4.545865
2021-05-05 10:00:00,4.9370832
2021-05-05 11:00:00,5.2614517
2021-05-05 12:00:00,5.538941
2021-05-05 13:00:00,5.559765
2021-05-05 14:00:00,5.565905
2021-05-05 15:00:00,5.5721383
2021-05-05 16:00:00,5.58046
2021-05-05 17:00:00,5.5930424
2021-05-05 18:00:00,5.6027107
2021-05-05 19:00:00,5.618788
2021-05-05 20:00:00,5.64214
2021-05-05 21:00:00,5.6705647
2021-05-05 22:00:00,5.724405
2021-05-05 23:00:00,5.7887764
2021-05-06 00:00:00,5.8770614
2021-05-06 01:00:00,0.0684438
2021-05-06 02:00:00,0.15119049
2021-05-06 03:00:00,0.2612316
2021-05-06 04:00:00,0.37205255
2021-05-06 05:00:00,0.5004611
2021-05-06 06:00:00,0.7527112
2021-05-06 07:00:00,1.0325137
2021-05-06 08:00:00,1.361978
2021-05-06 09:00:00,1.6992502
2021-05-06 10:00:00,2.1266165
2021-05-06 11:00:00,2.3136768
2021-05-06 12:00:00,2.364376
2021-05-06 13:00:00,2.3734083
2021-05-06 14:00:00,2.3738976
2021-05-06 15:00:00,2.488236
2021-05-06 16:00:00,2.4962378
2021-05-06 17:00:00,2.5079994
2021-05-06 18:00:00,2.5269108
2021-05-06 19:00:00,2.5719883
2021-05-06 20:00:00,2.6055272
2021-05-06 21:00:00,2.653011
2021-05-06 22:00:00,2.742332
2021-05-06 23:00:00,3.0061843
2021-05-07 00:00:00,3.2504344
2021-05-07 01:00:00,0.38697535
2021-05-07 02:00:00,0.57471627
2021-05-07 03:00:00,0.6867497
2021-05-07 04:00:00,0.9735333
2021-05-07 05:00:00,1.5158317
2021-05-07 06:00:00,1.8970761
2021-05-07 07:00:00,2.359703
2021-05-07 08:00:00,2.9208238
2021-05-07 09:00:00,3.6218696
2021-05-07 10:00:00,4.167039
2021-05-07 11:00:00,4.4502487
2021-05-07 12:00:00,4.6905293
2021-05-07 13:00:00,4.7288494
2021-05-07 14:00:00,4.738605
2021-05-07 15:00:00,4.750263
2021-05-07 16:00:00,4.759902
2021-05-07 17:00:00,4.761355
2021-05-07 18:00:00,4.7631083
2021-05-07 19:00:00,4.7636046
2021-05-07 20:00:00,4.7639256
2021-05-07 21:00:00,4.7652044
2021-05-07 22:00:00,4.776778
2021-05-07 23:00:00,4.77759
2021-05-08 00:00:00,4.7778835
2021-05-08 01:00:00,8.472125e-05
2021-05-08 02:00:00,0.00018742867
2021-05-08 03:00:00,0.013132755
2021-05-08 04:00:00,0.046292316
2021-05-08 05:00:00,0.12486242
2021-05-08 06:00:00,0.22767217
2021-05-08 07:00:00,0.33040625
2021-05-08 08:00:00,0.44541815
2021-05-08 09:00:00,0.60165334
2021-05-08 10:00:00,0.9159165
2021-05-08 11:00:00,1.0994719
2021-05-08 12:00:00,1.1841303
2021-05-08 13:00:00,1.2550793
2021-05-08 14:00:00,1.2765497
2021-05-08 15:00:00,1.2893227
2021-05-08 16:00:00,1.2947079
2021-05-08 17:00:00,1.2994856
2021-05-08 18:00:00,1.3058451
2021-05-08 19:00:00,1.3397667
2021-05-08 20:00:00,1.3552891
2021-05-08 21:00:00,1.3720239
2021-05-08 22:00:00,1.3826716
2021-05-08 23:00:00,1.3955712
2021-05-09 00:00:00,1.4064044
2021-05-09 01:00:00,0.0080726165
2021-05-09 02:00:00,0.016110599
2021-05-09 03:00:00,0.025713816
2021-05-09 04:00:00,0.054318804
2021-05-09 05:00:00,0.09815395
2021-05-09 06:00:00,0.19761524
2021-05-09 07:00:00,0.3821547
2021-05-09 08:00:00,0.6164382
2021-05-09 09:00:00,0.9484184
2021-05-09 10:00:00,1.1510458
2021-05-09 11:00:00,1.2383144
2021-05-09 12:00:00,1.276432
2021-05-09 13:00:00,1.2960483
2021-05-09 14:00:00,1.2983809
2021-05-09 15:00:00,1.2984223
2021-05-09 16:00:00,1.298582
2021-05-09 17:00:00,1.2992146
2021-05-09 18:00:00,1.299938
2021-05-09 19:00:00,1.3119247
2021-05-09 20:00:00,1.3129301
2021-05-09 21:00:00,1.3139396
2021-05-09 22:00:00,1.3142043
2021-05-09 23:00:00,1.3150815
2021-05-10 00:00:00,1.3182292
2021-05-10 01:00:00,0.00030770025
2021-05-10 02:00:00,0.003092544
2021-05-10 03:00:00,0.04147191
2021-05-10 04:00:00,0.13339183
2021-05-10 05:00:00,0.17836015
2021-05-10 06:00:00,0.25282335
2021-05-10 07:00:00,0.30508184
2021-05-10 08:00:00,0.38426906
2021-05-10 09:00:00,0.6138793
2021-05-10 10:00:00,1.116039
2021-05-10 11:00:00,1.3037059
2021-05-10 12:00:00,1.3993487
2021-05-10 13:00:00,1.428033
2021-05-10 14:00:00,1.4288456
2021-05-10 15:00:00,1.4288783
2021-05-10 16:00:00,1.4288766
2021-05-10 17:00:00,1.4297359
2021-05-10 18:00:00,1.4297726
2021-05-10 19:00:00,1.5097322
2021-05-10 20:00:00,1.6008161
2021-05-10 21:00:00,1.6437762
2021-05-10 22:00:00,1.6642005
2021-05-10 23:00:00,1.7385228
2021-05-11 00:00:00,1.7409233
2021-05-11 01:00:00,0.000742235
2021-05-11 02:00:00,0.0009062351
2021-05-11 03:00:00,0.0027985661
2021-05-11 04:00:00,0.04651176
2021-05-11 05:00:00,0.11614594
2021-05-11 06:00:00,0.20127848
2021-05-11 07:00:00,0.47391084
2021-05-11 08:00:00,0.89042985
2021-05-11 09:00:00,1.3197498
2021-05-11 10:00:00,1.6236271
2021-05-11 11:00:00,1.8755549
2021-05-11 12:00:00,2.0818214
2021-05-11 13:00:00,2.1138382
2021-05-11 14:00:00,2.1276498
2021-05-11 15:00:00,2.133374
2021-05-11 16:00:00,2.1427355
2021-05-11 17:00:00,2.1602566
2021-05-11 18:00:00,2.1720548
2021-05-11 19:00:00,2.2054596
2021-05-11 20:00:00,2.4089153
2021-05-11 21:00:00,2.4290066
2021-05-11 22:00:00,2.4989784
2021-05-11 23:00:00,2.831781
2021-05-12 00:00:00,3.1544642
2021-05-12 01:00:00,0.1335245
2021-05-12 02:00:00,0.1635293
2021-05-12 03:00:00,0.16932079
2021-05-12 04:00:00,0.1859963
2021-05-12 05:00:00,0.20890915
2021-05-12 06:00:00,0.29348278
2021-05-12 07:00:00,0.41008216
2021-05-12 08:00:00,0.52370036
2021-05-12 09:00:00,0.58169127
2021-05-12 10:00:00,0.6306951
2021-05-12 11:00:00,0.6758028
2021-05-12 12:00:00,0.8575115
2021-05-12 13:00:00,1.0323161
2021-05-12 14:00:00,1.1638997
2021-05-12 15:00:00,1.2021744
2021-05-12 16:00:00,1.2140714
2021-05-12 17:00:00,1.222115
2021-05-12 18:00:00,1.5340918
2021-05-12 19:00:00,1.6763973
2021-05-12 20:00:00,1.9233063
2021-05-12 21:00:00,2.1588404
2021-05-12 22:00:00,2.3174057
2021-05-12 23:00:00,2.4514751
2021-05-13 00:00:00,2.5546005
2021-05-13 01:00:00,0.042091034
2021-05-13 02:00:00,0.07293082
2021-05-13 03:00:00,0.10657404
2021-05-13 04:00:00,0.15576777
2021-05-13 05:00:00,0.30805123
2021-05-13 06:00:00,0.5619445
2021-05-13 07:00:00,1.1645625
2021-05-13 08:00:00,1.6147375
2021-05-13 09:00:00,2.1228967
2021-05-13 10:00:00,2.7576904
2021-05-13 11:00:00,3.2859273
2021-05-13 12:00:00,3.4977093
2021-05-13 13:00:00,3.5304272
2021-05-13 14:00:00,3.5351722
2021-05-13 15:00:00,3.5374844
2021-05-13 16:00:00,3.5388782
2021-05-13 17:00:00,3.5554602
2021-05-13 18:00:00,3.5684533
2021-05-13 19:00:00,3.609092
2021-05-13 20:00:00,3.7271757
2021-05-13 21:00:00,3.8498528
2021-05-13 22:00:00,3.954063
2021-05-13 23:00:00,4.026634
2021-05-14 00:00:00,4.1588535
2021-05-14 01:00:00,0.1956916
2021-05-14 02:00:00,0.31367525
2021-05-14 03:00:00,0.3886503
2021-05-14 04:00:00,0.45688033
2021-05-14 05:00:00,0.53469604
2021-05-14 06:00:00,0.61688507
2021-05-14 07:00:00,0.7255291
2021-05-14 08:00:00,0.92987806
2021-05-14 09:00:00,1.1791005
2021-05-14 10:00:00,1.2943642
2021-05-14 11:00:00,1.4082514
2021-05-14 12:00:00,1.4960054
2021-05-14 13:00:00,1.5467839
2021-05-14 14:00:00,1.5653563
2021-05-14 15:00:00,1.5671315
2021-05-14 16:00:00,1.5675595
2021-05-14 17:00:00,1.567647
2021-05-14 18:00:00,1.5684068
2021-05-14 19:00:00,1.5700854
2021-05-14 20:00:00,1.5721107
2021-05-14 21:00:00,1.5737532
2021-05-14 22:00:00,1.574675
2021-05-14 23:00:00,1.5753782
2021-05-15 00:00:00,1.5766078
2021-05-15 01:00:00,0.00050483504
2021-05-15 02:00:00,0.00081124017
2021-05-15 03:00:00,0.0019925064
2021-05-15 04:00:00,0.009047624
2021-05-15 05:00:00,0.019995846
2021-05-15 06:00:00,0.023696339
2021-05-15 07:00:00,0.13299432
2021-05-15 08:00:00,0.2893535
2021-05-15 09:00:00,0.5232783
2021-05-15 10:00:00,0.7357675
2021-05-15 11:00:00,0.801081
2021-05-15 12:00:00,0.8485775
2021-05-15 13:00:00,0.87506
2021-05-15 14:00:00,0.8869204
2021-05-15 15:00:00,0.8899805
2021-05-15 16:00:00,0.8905935
2021-05-15 17:00:00,0.8907052
2021-05-15 18:00:00,0.8908031
2021-05-15 19:00:00,0.89141184
2021-05-15 20:00:00,0.89160514
2021-05-15 21:00:00,0.8917788
2021-05-15 22:00:00,0.891973
2021-05-15 23:00:00,0.89215314
2021-05-16 00:00:00,0.8923711
2021-05-16 01:00:00,0.00012648525
2021-05-16 02:00:00,0.00024202745
2021-05-16 03:00:00,0.0003008172
2021-05-16 04:00:00,0.00032631215
2021-05-16 05:00:00,0.039811943
2021-05-16 06:00:00,0.05898543
2021-05-16 07:00:00,0.060869034
2021-05-16 08:00:00,0.06652083
2021-05-16 09:00:00,0.07256896
2021-05-16 10:00:00,0.09196003
2021-05-16 11:00:00,0.107033595
2021-05-16 12:00:00,0.12249984
2021-05-16 13:00:00,0.1296666
2021-05-16 14:00:00,0.1305581
2021-05-16 15:00:00,0.13074529
2021-05-16 16:00:00,0.13083982
2021-05-16 17:00:00,0.13101748
2021-05-16 18:00:00,0.13119861
2021-05-16 19:00:00,0.13131249
2021-05-16 20:00:00,0.13138816
2021-05-16 21:00:00,0.13174435
2021-05-16 22:00:00,0.13178226
2021-05-16 23:00:00,0.13185723
2021-05-17 00:00:00,0.13195153
2021-05-17 01:00:00,4.9796654e-05
2021-05-17 02:00:00,8.975621e-05
2021-05-17 03:00:00,0.00021455344
2021-05-17 04:00:00,0.00024377368
2021-05-17 05:00:00,0.01844624
2021-05-17 06:00:00,0.040343266
2021-05-17 07:00:00,0.0739228
2021-05-17 08:00:00,0.14657435
2021-05-17 09:00:00,0.24230477
2021-05-17 10:00:00,0.33964497
2021-05-17 11:00:00,0.44232142
2021-05-17 12:00:00,0.5739212
2021-05-17 13:00:00,0.7537072
2021-05-17 14:00:00,0.9340879
2021-05-17 15:00:00,1.0331035
2021-05-17 16:00:00,1.0874364
2021-05-17 17:00:00,1.1458571
2021-05-17 18:00:00,1.2376275
2021-05-17 19:00:00,1.4452407
2021-05-17 20:00:00,1.6644726
2021-05-17 21:00:00,1.8193284
2021-05-17 22:00:00,1.9655144
2021-05-17 23:00:00,2.1088278
2021-05-18 00:00:00,2.2511463
2021-05-18 01:00:00,0.11559839
2021-05-18 02:00:00,0.19053069
2021-05-18 03:00:00,0.24235015
2021-05-18 04:00:00,0.30082646
2021-05-18 05:00:00,0.38341376
2021-05-18 06:00:00,0.5345435
2021-05-18 07:00:00,0.86184466
2021-05-18 08:00:00,1.2482584
2021-05-18 09:00:00,1.7035043
2021-05-18 10:00:00,2.282201
2021-05-18 11:00:00,2.9349785
2021-05-18 12:00:00,3.492631
2021-05-18 13:00:00,3.9100628
2021-05-18 14:00:00,4.1821094
2021-05-18 15:00:00,4.367178
2021-05-18 16:00:00,4.530738
2021-05-18 17:00:00,4.7126284
2021-05-18 18:00:00,5.0006747
2021-05-18 19:00:00,5.488122
2021-05-18 20:00:00,6.164121
2021-05-18 21:00:00,6.992705
2021-05-18 22:00:00,8.178654
2021-05-18 23:00:00,9.65664
2021-05-19 00:00:00,11.229779
2021-05-19 01:00:00,1.5580597
2021-05-19 02:00:00,2.793336
2021-05-19 03:00:00,3.631362
2021-05-19 04:00:00,4.241862
2021-05-19 05:00:00,4.8773856
2021-05-19 06:00:00,5.92848
2021-05-19 07:00:00,7.72892
2021-05-19 08:00:00,9.761877
2021-05-19 09:00:00,12.040215
2021-05-19 10:00:00,14.493496
2021-05-19 11:00:00,17.01432
2021-05-19 12:00:00,19.465038
2021-05-19 13:00:00,21.631756
2021-05-19 14:00:00,23.13239
2021-05-19 15:00:00,24.132143
2021-05-19 16:00:00,25.005505
2021-05-19 17:00:00,25.81341
2021-05-19 18:00:00,26.742657
2021-05-19 19:00:00,27.864693
2021-05-19 20:00:00,29.479961
2021-05-19 21:00:00,31.78301
2021-05-19 22:00:00,34.32253
2021-05-19 23:00:00,36.733475
2021-05-20 00:00:00,38.85563
2021-05-20 01:00:00,2.45008
2021-05-20 02:00:00,5.0791855
2021-05-20 03:00:00,8.495309
2021-05-20 04:00:00,12.73977
2021-05-20 05:00:00,17.537663
2021-05-20 06:00:00,22.844845
2021-05-20 07:00:00,28.27332
2021-05-20 08:00:00,33.599155
2021-05-20 09:00:00,37.8843
2021-05-20 10:00:00,41.84864
2021-05-20 11:00:00,45.51736
2021-05-20 12:00:00,49.46443
2021-05-20 13:00:00,53.744812
2021-05-20 14:00:00,58.157646
2021-05-20 15:00:00,62.275295
2021-05-20 16:00:00,65.53767
2021-05-20 17:00:00,68.0954
2021-05-20 18:00:00,69.761505
2021-05-20 19:00:00,70.325485
2021-05-20 20:00:00,70.697784
2021-05-20 21:00:00,71.00745
2021-05-20 22:00:00,71.25926
2021-05-20 23:00:00,71.46081
2021-05-21 00:00:00,71.56999
2021-05-21 01:00:00,0.038979776
2021-05-21 02:00:00,0.053065885
2021-05-21 03:00:00,0.05943968
2021-05-21 04:00:00,0.07311965
2021-05-21 05:00:00,0.13449079
2021-05-21 06:00:00,0.23348315
2021-05-21 07:00:00,0.35107064
2021-05-21 08:00:00,0.5488309
2021-05-21 09:00:00,0.9775908
2021-05-21 10:00:00,1.4326792
2021-05-21 11:00:00,1.8694067
2021-05-21 12:00:00,2.076323
2021-05-21 13:00:00,2.1143916
2021-05-21 14:00:00,2.1376991
2021-05-21 15:00:00,2.1387086
2021-05-21 16:00:00,2.1391
2021-05-21 17:00:00,2.1392355
2021-05-21 18:00:00,2.1398246
2021-05-21 19:00:00,2.1435642
2021-05-21 20:00:00,2.149629
2021-05-21 21:00:00,2.1540062
2021-05-21 22:00:00,2.1568842
2021-05-21 23:00:00,2.1598942
2021-05-22 00:00:00,2.1610634
2021-05-22 01:00:00,0.0004960748
2021-05-22 02:00:00,0.0007527415
2021-05-22 03:00:00,0.0009111827
2021-05-22 04:00:00,0.00099116
2021-05-22 05:00:00,0.0010887161
2021-05-22 06:00:00,0.00837259
2021-05-22 07:00:00,0.02144766
2021-05-22 08:00:00,0.045439925
2021-05-22 09:00:00,0.06967667
2021-05-22 10:00:00,0.11666165
2021-05-22 11:00:00,0.14244719
2021-05-22 12:00:00,0.15156204
2021-05-22 13:00:00,0.15413599
2021-05-22 14:00:00,0.15455809
2021-05-22 15:00:00,0.15464357
2021-05-22 16:00:00,0.15482214
2021-05-22 17:00:00,0.1551446
2021-05-22 18:00:00,0.15531272
2021-05-22 19:00:00,0.1555197
2021-05-22 20:00:00,0.1556268
2021-05-22 21:00:00,0.15578257
2021-05-22 22:00:00,0.15594484
2021-05-22 23:00:00,0.15617883
2021-05-23 00:00:00,0.15656185
2021-05-23 01:00:00,0.0003798632
2021-05-23 02:00:00,0.00078673474
2021-05-23 03:00:00,0.0010260846
2021-05-23 04:00:00,0.0016298145
2021-05-23 05:00:00,0.01637009
2021-05-23 06:00:00,0.03836339
2021-05-23 07:00:00,0.074596144
2021-05-23 08:00:00,0.093003035
2021-05-23 09:00:00,0.13828999
2021-05-23 10:00:00,0.17647281
2021-05-23 11:00:00,0.4137249
2021-05-23 12:00:00,0.4592859
2021-05-23 13:00:00,0.4846989
2021-05-23 14:00:00,0.4913825
2021-05-23 15:00:00,0.49427384
2021-05-23 16:00:00,0.49644756
2021-05-23 17:00:00,0.49856818
2021-05-23 18:00:00,0.50097656
2021-05-23 19:00:00,0.5061743
2021-05-23 20:00:00,0.56357354
2021-05-23 21:00:00,0.66952133
2021-05-23 22:00:00,0.7770327
2021-05-23 23:00:00,0.80242705
2021-05-24 00:00:00,0.81342876
2021-05-24 01:00:00,0.007125258
2021-05-24 02:00:00,0.010776509
2021-05-24 03:00:00,0.012215925
2021-05-24 04:00:00,0.025229879
2021-05-24 05:00:00,0.041087624
2021-05-24 06:00:00,0.15981391
2021-05-24 07:00:00,0.28774166
2021-05-24 08:00:00,0.40765592
2021-05-24 09:00:00,0.5310843
2021-05-24 10:00:00,0.64150524
2021-05-24 11:00:00,0.706897
2021-05-24 12:00:00,0.72074044
2021-05-24 13:00:00,0.727862
2021-05-24 14:00:00,0.7312159
2021-05-24 15:00:00,0.73147225
2021-05-24 16:00:00,0.73151135
2021-05-24 17:00:00,0.73165596
2021-05-24 18:00:00,0.7319505
2021-05-24 19:00:00,0.7323209
2021-05-24 20:00:00,0.73271674
2021-05-24 21:00:00,0.73337054
2021-05-24 22:00:00,0.73362124
2021-05-24 23:00:00,0.73394
2021-05-25 00:00:00,0.7342657
2021-05-25 01:00:00,0.00031822128
2021-05-25 02:00:00,0.000626198
2021-05-25 03:00:00,0.0007933704
2021-05-25 04:00:00,0.0008859206
2021-05-25 05:00:00,0.0009058276
2021-05-25 06:00:00,0.0009050127
2021-05-25 07:00:00,0.0012225937
2021-05-25 08:00:00,0.0014347024
2021-05-25 09:00:00,0.002892455
2021-05-25 10:00:00,0.008872012
2021-05-25 11:00:00,0.01941016
2021-05-25 12:00:00,0.025163172
2021-05-25 13:00:00,0.027713366
2021-05-25 14:00:00,0.028501498
2021-05-25 15:00:00,0.02901
2021-05-25 16:00:00,0.029278453
2021-05-25 17:00:00,0.029351562
2021-05-25 18:00:00,0.02955366
2021-05-25 19:00:00,0.029989984
2021-05-25 20:00:00,0.030749012
2021-05-25 21:00:00,0.031748787
2021-05-25 22:00:00,0.03287662
2021-05-25 23:00:00,0.034106895
2021-05-26 00:00:00,0.03545638
2021-05-26 01:00:00,0.0010124058
2021-05-26 02:00:00,0.0013068784
2021-05-26 03:00:00,0.0015634578
2021-05-26 04:00:00,0.0016012928
2021-05-26 05:00:00,0.0016218983
2021-05-26 06:00:00,0.035189442
2021-05-26 07:00:00,0.10454771
2021-05-26 08:00:00,0.17118408
2021-05-26 09:00:00,0.27369475
2021-05-26 10:00:00,0.42640862
2021-05-26 11:00:00,0.44234306
2021-05-26 12:00:00,0.448619
2021-05-26 13:00:00,0.45229632
2021-05-26 14:00:00,0.45277777
2021-05-26 15:00:00,0.45299014
2021-05-26 16:00:00,0.45305067
2021-05-26 17:00:00,0.45311517
2021-05-26 18:00:00,0.45383924
2021-05-26 19:00:00,0.4539763
2021-05-26 20:00:00,0.45418835
2021-05-26 21:00:00,0.45428476
2021-05-26 22:00:00,0.4546708
2021-05-26 23:00:00,0.4551341
2021-05-27 00:00:00,0.4555099
2021-05-27 01:00:00,0.00044400804
2021-05-27 02:00:00,0.0006468035
2021-05-27 03:00:00,0.00076612923
2021-05-27 04:00:00,0.00083015766
2021-05-27 05:00:00,0.0009255018
2021-05-27 06:00:00,0.02561044
2021-05-27 07:00:00,0.081913546
2021-05-27 08:00:00,0.11244346
2021-05-27 09:00:00,0.16540357
2021-05-27 10:00:00,0.2179651
2021-05-27 11:00:00,0.21971855
2021-05-27 12:00:00,0.21981564
2021-05-27 13:00:00,0.21989107
2021-05-27 14:00:00,0.21989039
2021-05-27 15:00:00,0.21989039
2021-05-27 16:00:00,0.22000355
2021-05-27 17:00:00,0.22011669
2021-05-27 18:00:00,0.2203635
2021-05-27 19:00:00,0.23323485
2021-05-27 20:00:00,0.23392774
2021-05-27 21:00:00,0.23515522
2021-05-27 22:00:00,0.23555058
2021-05-27 23:00:00,0.23555058
2021-05-28 00:00:00,0.23555058
2021-05-28 01:00:00,0.0
2021-05-28 02:00:00,0.0
2021-05-28 03:00:00,0.0
2021-05-28 04:00:00,0.0
2021-05-28 05:00:00,0.020842418
2021-05-28 06:00:00,0.10270847
2021-05-28 07:00:00,0.16004011
2021-05-28 08:00:00,0.24810806
2021-05-28 09:00:00,0.34105372
2021-05-28 10:00:00,0.55963206
2021-05-28 11:00:00,0.72311723
2021-05-28 12:00:00,0.74471927
2021-05-28 13:00:00,0.7552346
2021-05-28 14:00:00,0.75851846
2021-05-28 15:00:00,0.7645339
2021-05-28 16:00:00,0.785897
2021-05-28 17:00:00,0.7898009
2021-05-28 18:00:00,0.7900593
2021-05-28 19:00:00,0.7955642
2021-05-28 20:00:00,0.79605377
2021-05-28 21:00:00,0.7961478
2021-05-28 22:00:00,0.7962608
2021-05-28 23:00:00,0.7962626
2021-05-29 00:00:00,0.7962626
2021-05-29 01:00:00,6.2573235e-05
2021-05-29 02:00:00,0.0008136849
2021-05-29 03:00:00,0.010829477
2021-05-29 04:00:00,0.022879569
2021-05-29 05:00:00,0.074645385
2021-05-29 06:00:00,0.14297524
2021-05-29 07:00:00,0.38063654
2021-05-29 08:00:00,0.6788671
2021-05-29 09:00:00,0.928506
2021-05-29 10:00:00,2.6657488
2021-05-29 11:00:00,3.708982
2021-05-29 12:00:00,4.1141376
2021-05-29 13:00:00,4.4531107
2021-05-29 14:00:00,4.781429
2021-05-29 15:00:00,4.8779564
2021-05-29 16:00:00,4.8865643
2021-05-29 17:00:00,4.8887444
2021-05-29 18:00:00,4.9053655
2021-05-29 19:00:00,5.696683
2021-05-29 20:00:00,6.5352674
2021-05-29 21:00:00,7.4346576
2021-05-29 22:00:00,8.466274
2021-05-29 23:00:00,9.203539
2021-05-30 00:00:00,10.034866
2021-05-30 01:00:00,0.72167677
2021-05-30 02:00:00,1.4822118
2021-05-30 03:00:00,2.0354352
2021-05-30 04:00:00,2.6801357
2021-05-30 05:00:00,3.1469026
2021-05-30 06:00:00,3.7157092
2021-05-30 07:00:00,3.9560623
2021-05-30 08:00:00,4.174912
2021-05-30 09:00:00,4.59727
2021-05-30 10:00:00,4.8633585
2021-05-30 11:00:00,5.0989957
2021-05-30 12:00:00,5.2516856
2021-05-30 13:00:00,5.4050703
2021-05-30 14:00:00,5.581915
2021-05-30 15:00:00,5.761368
2021-05-30 16:00:00,5.8690987
2021-05-30 17:00:00,5.921627
2021-05-30 18:00:00,5.953525
2021-05-30 19:00:00,6.2107983
2021-05-30 20:00:00,6.5789685
2021-05-30 21:00:00,7.319618
2021-05-30 22:00:00,7.707425
2021-05-30 23:00:00,8.116566
2021-05-31 00:00:00,8.4315815
2021-05-31 01:00:00,0.25738165
2021-05-31 02:00:00,0.40532714
2021-05-31 03:00:00,0.46864024
2021-05-31 04:00:00,0.50689816
2021-05-31 05:00:00,0.55932695
2021-05-31 06:00:00,0.6764654
2021-05-31 07:00:00,0.7705636
2021-05-31 08:00:00,0.8717412
2021-05-31 09:00:00,1.0135609
2021-05-31 10:00:00,1.3136353
2021-05-31 11:00:00,1.5037717
2021-05-31 12:00:00,1.5962449
2021-05-31 13:00:00,1.6470416
2021-05-31 14:00:00,1.6527548
2021-05-31 15:00:00,1.6573462
2021-05-31 16:00:00,1.6583866
2021-05-31 17:00:00,1.6692848
2021-05-31 18:00:00,1.670784
2021-05-31 19:00:00,1.6717999
2021-05-31 20:00:00,1.6754298
2021-05-31 21:00:00,1.6971306
2021-05-31 22:00:00,1.7507062
2021-05-31 23:00:00,1.8303919
2021-06-01 00:00:00,1.9072835
2021-06-01 01:00:00,0.027504954
2021-06-01 02:00:00,0.033467893
2021-06-01 03:00:00,0.06095547
2021-06-01 04:00:00,0.1585842
2021-06-01 05:00:00,0.5631603
2021-06-01 06:00:00,1.1317394
2021-06-01 07:00:00,2.1838455
2021-06-01 08:00:00,3.4624214
2021-06-01 09:00:00,4.752844
2021-06-01 10:00:00,5.510971
2021-06-01 11:00:00,5.851412
2021-06-01 12:00:00,6.426498
2021-06-01 13:00:00,6.597572
2021-06-01 14:00:00,6.675284
2021-06-01 15:00:00,6.6874123
2021-06-01 16:00:00,6.690584
2021-06-01 17:00:00,6.6942043
2021-06-01 18:00:00,6.699844
2021-06-01 19:00:00,6.7748933
2021-06-01 20:00:00,6.865819
2021-06-01 21:00:00,6.9426503
2021-06-01 22:00:00,7.011365
2021-06-01 23:00:00,7.0447397
2021-06-02 00:00:00,7.0776167
2021-06-02 01:00:00,0.011511438
2021-06-02 02:00:00,0.03016577
2021-06-02 03:00:00,0.058857024
2021-06-02 04:00:00,0.12803683
2021-06-02 05:00:00,0.30768615
2021-06-02 06:00:00,0.5251549
2021-06-02 07:00:00,0.77635515
2021-06-02 08:00:00,0.9716994
2021-06-02 09:00:00,1.1098322
2021-06-02 10:00:00,1.4240565
2021-06-02 11:00:00,1.7740107
2021-06-02 12:00:00,1.837115
2021-06-02 13:00:00,1.8774257
2021-06-02 14:00:00,1.8933117
2021-06-02 15:00:00,1.9031763
2021-06-02 16:00:00,1.9073312
2021-06-02 17:00:00,1.9085845
2021-06-02 18:00:00,1.9091911
2021-06-02 19:00:00,1.9097785
2021-06-02 20:00:00,1.9109969
2021-06-02 21:00:00,1.9144961
2021-06-02 22:00:00,1.9185059
2021-06-02 23:00:00,1.9208319
2021-06-03 00:00:00,1.9231122
2021-06-03 01:00:00,0.0008122006
2021-06-03 02:00:00,0.0014489633
2021-06-03 03:00:00,0.009239302
2021-06-03 04:00:00,0.051576994
2021-06-03 05:00:00,0.1481173
2021-06-03 06:00:00,0.25660974
2021-06-03 07:00:00,0.4357564
2021-06-03 08:00:00,0.61576545
2021-06-03 09:00:00,0.874829
2021-06-03 10:00:00,1.0589459
2021-06-03 11:00:00,1.7846272
2021-06-03 12:00:00,2.1610959
2021-06-03 13:00:00,2.2879133
2021-06-03 14:00:00,2.3014793
2021-06-03 15:00:00,2.302133
2021-06-03 16:00:00,2.302248
2021-06-03 17:00:00,2.3022978
2021-06-03 18:00:00,2.30239
2021-06-03 19:00:00,2.3080099
2021-06-03 20:00:00,2.3212476
2021-06-03 21:00:00,2.3294373
2021-06-03 22:00:00,2.3314393
2021-06-03 23:00:00,2.3323584
2021-06-04 00:00:00,2.3330064
2021-06-04 01:00:00,0.00044491026
2021-06-04 02:00:00,0.00070547685
2021-06-04 03:00:00,0.002973131
2021-06-04 04:00:00,0.012126751
2021-06-04 05:00:00,0.058705572
2021-06-04 06:00:00,0.15523809
2021-06-04 07:00:00,0.29238558
2021-06-04 08:00:00,0.4639559
2021-06-04 09:00:00,0.5446009
2021-06-04 10:00:00,0.6290026
2021-06-04 11:00:00,0.8067193
2021-06-04 12:00:00,0.83324456
2021-06-04 13:00:00,0.8518659
2021-06-04 14:00:00,0.8554889
2021-06-04 15:00:00,0.8557006
2021-06-04 16:00:00,0.85575277
2021-06-04 17:00:00,0.85601026
2021-06-04 18:00:00,0.85622865
2021-06-04 19:00:00,0.8566761
2021-06-04 20:00:00,0.8574608
2021-06-04 21:00:00,0.85803306
2021-06-04 22:00:00,0.8585313
2021-06-04 23:00:00,0.85892993
2021-06-05 00:00:00,0.85922796
2021-06-05 01:00:00,0.00022977474
2021-06-05 02:00:00,0.00041892054
2021-06-05 03:00:00,0.00048964284
2021-06-05 04:00:00,0.00054226257
2021-06-05 05:00:00,0.045860186
2021-06-05 06:00:00,0.1288239
2021-06-05 07:00:00,0.34685898
2021-06-05 08:00:00,0.5176712
2021-06-05 09:00:00,0.6507385
2021-06-05 10:00:00,0.8792252
2021-06-05 11:00:00,0.9473376
2021-06-05 12:00:00,1.270268
2021-06-05 13:00:00,1.2950313
2021-06-05 14:00:00,1.2993904
2021-06-05 15:00:00,1.2995105
2021-06-05 16:00:00,1.2995803
2021-06-05 17:00:00,1.2996604
2021-06-05 18:00:00,1.2997427
2021-06-05 19:00:00,1.2998221
2021-06-05 20:00:00,1.300051
2021-06-05 21:00:00,1.3003075
2021-06-05 22:00:00,1.3009913
2021-06-05 23:00:00,1.3019537
2021-06-06 00:00:00,1.3030033
2021-06-06 01:00:00,0.03892029
2021-06-06 02:00:00,0.07353664
2021-06-06 03:00:00,0.076398954
2021-06-06 04:00:00,0.08907122
2021-06-06 05:00:00,0.15240407
2021-06-06 06:00:00,0.26341608
2021-06-06 07:00:00,0.45428053
2021-06-06 08:00:00,1.2803316
2021-06-06 09:00:00,2.030439
2021-06-06 10:00:00,2.6781096
2021-06-06 11:00:00,3.1658413
2021-06-06 12:00:00,3.3761878
2021-06-06 13:00:00,3.4783752
2021-06-06 14:00:00,3.4852614
2021-06-06 15:00:00,3.4864504
2021-06-06 16:00:00,3.486821
2021-06-06 17:00:00,3.487186
2021-06-06 18:00:00,3.487532
2021-06-06 19:00:00,3.492409
2021-06-06 20:00:00,3.4978333
2021-06-06 21:00:00,3.5048008
2021-06-06 22:00:00,3.5224128
2021-06-06 23:00:00,3.5738533
2021-06-07 00:00:00,3.730094
2021-06-07 01:00:00,0.04117275
2021-06-07 02:00:00,0.10649954
2021-06-07 03:00:00,0.19733527
2021-06-07 04:00:00,0.38710457
2021-06-07 05:00:00,0.7500551
2021-06-07 06:00:00,1.1962633
2021-06-07 07:00:00,2.2025666
2021-06-07 08:00:00,2.8288746
2021-06-07 09:00:00,3.263925
2021-06-07 10:00:00,3.7874923
2021-06-07 11:00:00,4.020172
2021-06-07 12:00:00,4.137388
2021-06-07 13:00:00,4.16518
2021-06-07 14:00:00,4.1886334
2021-06-07 15:00:00,4.2263603
2021-06-07 16:00:00,4.226569
2021-06-07 17:00:00,4.2266183
2021-06-07 18:00:00,4.2266183
2021-06-07 19:00:00,4.2266183
2021-06-07 20:00:00,4.2266183
2021-06-07 21:00:00,4.2266183
2021-06-07 22:00:00,4.2266197
2021-06-07 23:00:00,4.226623
2021-06-08 00:00:00,4.226625
2021-06-08 01:00:00,0.0
2021-06-08 02:00:00,0.0
2021-06-08 03:00:00,0.0
2021-06-08 04:00:00,0.0
2021-06-08 05:00:00,0.011716038
2021-06-08 06:00:00,0.019742176
2021-06-08 07:00:00,0.07145107
2021-06-08 08:00:00,0.09347825
2021-06-08 09:00:00,0.11085626
2021-06-08 10:00:00,0.18123026
2021-06-08 11:00:00,0.18661958
2021-06-08 12:00:00,0.19739428
2021-06-08 13:00:00,0.20120293
2021-06-08 14:00:00,0.20689587
2021-06-08 15:00:00,0.21810085
2021-06-08 16:00:00,0.2198161
2021-06-08 17:00:00,0.22103567
2021-06-08 18:00:00,0.23496664
2021-06-08 19:00:00,0.24802564
2021-06-08 20:00:00,0.32431144
2021-06-08 21:00:00,0.40200207
2021-06-08 22:00:00,0.47450578
2021-06-08 23:00:00,0.5232692
2021-06-09 00:00:00,0.5390774
2021-06-09 01:00:00,0.042763945
2021-06-09 02:00:00,0.060013145
2021-06-09 03:00:00,0.09491155
2021-06-09 04:00:00,0.1472648
2021-06-09 05:00:00,0.20512079
2021-06-09 06:00:00,0.30152035
2021-06-09 07:00:00,0.39441407
2021-06-09 08:00:00,0.49835026
2021-06-09 09:00:00,0.73185456
2021-06-09 10:00:00,1.2059877
2021-06-09 11:00:00,1.3705568
2021-06-09 12:00:00,1.4687507
2021-06-09 13:00:00,1.564698
2021-06-09 14:00:00,1.6463096
2021-06-09 15:00:00,1.6669297
2021-06-09 16:00:00,1.6669472
2021-06-09 17:00:00,1.6702292
2021-06-09 18:00:00,1.7207158
2021-06-09 19:00:00,2.038833
2021-06-09 20:00:00,2.3841085
2021-06-09 21:00:00,2.8842702
2021-06-09 22:00:00,3.4357502
2021-06-09 23:00:00,3.9132843
2021-06-10 00:00:00,4.7475834
2021-06-10 01:00:00,0.39710033
2021-06-10 02:00:00,0.5632743
2021-06-10 03:00:00,0.6972357
2021-06-10 04:00:00,0.8100829
2021-06-10 05:00:00,0.87933767
2021-06-10 06:00:00,0.93412584
2021-06-10 07:00:00,1.0613441
2021-06-10 08:00:00,1.5788587
2021-06-10 09:00:00,1.7553047
2021-06-10 10:00:00,1.8186256
2021-06-10 11:00:00,1.8244328
2021-06-10 12:00:00,1.8244328
2021-06-10 13:00:00,1.8344125
2021-06-10 14:00:00,1.8519454
2021-06-10 15:00:00,1.8867439
2021-06-10 16:00:00,1.9225829
2021-06-10 17:00:00,2.1473854
2021-06-10 18:00:00,2.5731013
2021-06-10 19:00:00,3.243936
2021-06-10 20:00:00,3.9207206
2021-06-10 21:00:00,4.2116184
2021-06-10 22:00:00,4.5754232
2021-06-10 23:00:00,4.776536
2021-06-11 00:00:00,4.7792144
2021-06-11 01:00:00,0.008162679
2021-06-11 02:00:00,0.061616767
2021-06-11 03:00:00,0.09748642
2021-06-11 04:00:00,0.15198527
2021-06-11 05:00:00,0.23340178
2021-06-11 06:00:00,0.34606832
2021-06-11 07:00:00,0.52258533
2021-06-11 08:00:00,0.9219906
2021-06-11 09:00:00,1.1603585
2021-06-11 10:00:00,1.2618904
2021-06-11 11:00:00,1.4070494
2021-06-11 12:00:00,1.6261773
2021-06-11 13:00:00,1.851763
2021-06-11 14:00:00,1.8896275
2021-06-11 15:00:00,1.9261596
2021-06-11 16:00:00,2.0072026
2021-06-11 17:00:00,2.3275256
2021-06-11 18:00:00,2.6894515
2021-06-11 19:00:00,3.0961454
2021-06-11 20:00:00,3.2204576
2021-06-11 21:00:00,3.2416615
2021-06-11 22:00:00,3.2455924
2021-06-11 23:00:00,3.249165
2021-06-12 00:00:00,3.2538059
2021-06-12 01:00:00,0.011793425
2021-06-12 02:00:00,0.032649897
2021-06-12 03:00:00,0.07837277
2021-06-12 04:00:00,0.14117897
2021-06-12 05:00:00,0.32372087
2021-06-12 06:00:00,0.67605996
2021-06-12 07:00:00,1.5826073
2021-06-12 08:00:00,2.7239552
2021-06-12 09:00:00,3.6941068
2021-06-12 10:00:00,4.404993
2021-06-12 11:00:00,5.3687325
2021-06-12 12:00:00,5.91606
2021-06-12 13:00:00,6.3665032
2021-06-12 14:00:00,6.438362
2021-06-12 15:00:00,6.4764266
2021-06-12 16:00:00,6.509266
2021-06-12 17:00:00,6.555171
2021-06-12 18:00:00,6.63542
2021-06-12 19:00:00,6.8079243
2021-06-12 20:00:00,6.9160757
2021-06-12 21:00:00,6.931842
2021-06-12 22:00:00,6.9393196
2021-06-12 23:00:00,6.94753
2021-06-13 00:00:00,6.950759
2021-06-13 01:00:00,0.00060052844
2021-06-13 02:00:00,0.00075111166
2021-06-13 03:00:00,0.004673144
2021-06-13 04:00:00,0.03750704
2021-06-13 05:00:00,0.13762584
2021-06-13 06:00:00,0.22545317
2021-06-13 07:00:00,0.5584533
2021-06-13 08:00:00,1.5847118
2021-06-13 09:00:00,2.6226835
2021-06-13 10:00:00,3.590849
2021-06-13 11:00:00,4.0534506
2021-06-13 12:00:00,4.2266216
2021-06-13 13:00:00,4.3937044
2021-06-13 14:00:00,4.434065
2021-06-13 15:00:00,4.539207
2021-06-13 16:00:00,4.5830226
2021-06-13 17:00:00,4.606291
2021-06-13 18:00:00,4.612468
2021-06-13 19:00:00,4.6383185
2021-06-13 20:00:00,4.6596284
2021-06-13 21:00:00,4.672036
2021-06-13 22:00:00,4.68376
2021-06-13 23:00:00,4.6924844
2021-06-14 00:00:00,4.6967444
2021-06-14 01:00:00,0.0024134351
2021-06-14 02:00:00,0.0034798286
2021-06-14 03:00:00,0.0041410094
2021-06-14 04:00:00,0.008735689
2021-06-14 05:00:00,0.048089076
2021-06-14 06:00:00,0.1749182
2021-06-14 07:00:00,0.26183063
2021-06-14 08:00:00,0.4742837
2021-06-14 09:00:00,0.90078473
2021-06-14 10:00:00,1.8937666
2021-06-14 11:00:00,2.91711
2021-06-14 12:00:00,3.3478806
2021-06-14 13:00:00,3.6362317
2021-06-14 14:00:00,3.736713
2021-06-14 15:00:00,3.794148
2021-06-14 16:00:00,3.816043
2021-06-14 17:00:00,3.830492
2021-06-14 18:00:00,3.8408267
2021-06-14 19:00:00,3.8569624
2021-06-14 20:00:00,3.8667645
2021-06-14 21:00:00,3.8706791
2021-06-14 22:00:00,3.873687
2021-06-14 23:00:00,3.8778188
2021-06-15 00:00:00,3.881177
2021-06-15 01:00:00,0.0018997525
2021-06-15 02:00:00,0.0041454914
2021-06-15 03:00:00,0.0060076127
2021-06-15 04:00:00,0.030725729
2021-06-15 05:00:00,0.0861343
2021-06-15 06:00:00,0.2538888
2021-06-15 07:00:00,0.38485712
2021-06-15 08:00:00,0.5745411
2021-06-15 09:00:00,1.0349042
2021-06-15 10:00:00,1.6284162
2021-06-15 11:00:00,2.244314
2021-06-15 12:00:00,2.6843772
2021-06-15 13:00:00,2.8643365
2021-06-15 14:00:00,3.022555
2021-06-15 15:00:00,3.3448162
2021-06-15 16:00:00,3.8948517
2021-06-15 17:00:00,4.391184
2021-06-15 18:00:00,4.5687284
2021-06-15 19:00:00,4.6106215
2021-06-15 20:00:00,4.6495857
2021-06-15 21:00:00,4.6532373
2021-06-15 22:00:00,4.6542683
2021-06-15 23:00:00,4.6563935
2021-06-16 00:00:00,4.656847
2021-06-16 01:00:00,0.00071013346
2021-06-16 02:00:00,0.020407256
2021-06-16 03:00:00,0.03167079
2021-06-16 04:00:00,0.066181876
2021-06-16 05:00:00,0.16833842
2021-06-16 06:00:00,0.3141796
2021-06-16 07:00:00,0.5368737
2021-06-16 08:00:00,1.1429489
2021-06-16 09:00:00,2.8151016
2021-06-16 10:00:00,4.237194
2021-06-16 11:00:00,5.0235124
2021-06-16 12:00:00,5.464864
2021-06-16 13:00:00,5.810663
2021-06-16 14:00:00,5.9207993
2021-06-16 15:00:00,6.0705976
2021-06-16 16:00:00,6.433469
2021-06-16 17:00:00,7.0429573
2021-06-16 18:00:00,7.815756
2021-06-16 19:00:00,7.962264
2021-06-16 20:00:00,8.0941305
2021-06-16 21:00:00,8.15513
2021-06-16 22:00:00,8.191538
2021-06-16 23:00:00,8.211094
2021-06-17 00:00:00,8.231533
2021-06-17 01:00:00,0.011183729
2021-06-17 02:00:00,0.024280744
2021-06-17 03:00:00,0.05205156
2021-06-17 04:00:00,0.12735493
2021-06-17 05:00:00,0.23057288
2021-06-17 06:00:00,0.37440014
2021-06-17 07:00:00,0.771227
2021-06-17 08:00:00,1.1604786
2021-06-17 09:00:00,2.3792167
2021-06-17 10:00:00,3.1123953
2021-06-17 11:00:00,3.891063
2021-06-17 12:00:00,4.3481255
2021-06-17 13:00:00,4.7487817
2021-06-17 14:00:00,5.08664
2021-06-17 15:00:00,5.464135
2021-06-17 16:00:00,5.958129
2021-06-17 17:00:00,6.6726465
2021-06-17 18:00:00,7.671254
2021-06-17 19:00:00,8.38862
2021-06-17 20:00:00,9.295814
2021-06-17 21:00:00,10.323355
2021-06-17 22:00:00,11.296379
2021-06-17 23:00:00,12.359066
2021-06-18 00:00:00,13.686041
2021-06-18 01:00:00,1.64223
2021-06-18 02:00:00,3.8103385
2021-06-18 03:00:00,6.3859076
2021-06-18 04:00:00,9.596398
2021-06-18 05:00:00,13.298191
2021-06-18 06:00:00,17.08664
2021-06-18 07:00:00,21.378025
2021-06-18 08:00:00,25.72755
2021-06-18 09:00:00,29.909595
2021-06-18 10:00:00,33.799973
2021-06-18 11:00:00,37.569313
2021-06-18 12:00:00,41.12657
2021-06-18 13:00:00,44.7101
2021-06-18 14:00:00,47.856216
2021-06-18 15:00:00,50.547096
2021-06-18 16:00:00,53.13491
2021-06-18 17:00:00,55.750374
2021-06-18 18:00:00,58.74861
2021-06-18 19:00:00,62.226814
2021-06-18 20:00:00,66.08638
2021-06-18 21:00:00,70.31392
2021-06-18 22:00:00,74.93267
2021-06-18 23:00:00,79.63042
2021-06-19 00:00:00,84.44014
2021-06-19 01:00:00,4.809537
2021-06-19 02:00:00,9.797537
2021-06-19 03:00:00,14.941868
2021-06-19 04:00:00,19.897741
2021-06-19 05:00:00,24.781052
2021-06-19 06:00:00,29.71959
2021-06-19 07:00:00,32.68194
2021-06-19 08:00:00,36.23652
2021-06-19 09:00:00,40.166718
2021-06-19 10:00:00,43.917408
2021-06-19 11:00:00,47.293686
2021-06-19 12:00:00,50.24998
2021-06-19 13:00:00,52.819065
2021-06-19 14:00:00,55.151295
2021-06-19 15:00:00,57.125076
2021-06-19 16:00:00,59.15782
2021-06-19 17:00:00,61.247116
2021-06-19 18:00:00,63.673706
2021-06-19 19:00:00,65.05406
2021-06-19 20:00:00,66.41834
2021-06-19 21:00:00,67.560974
2021-06-19 22:00:00,68.81543
2021-06-19 23:00:00,69.82013
2021-06-20 00:00:00,70.76074
2021-06-20 01:00:00,1.2299502
2021-06-20 02:00:00,2.536974
2021-06-20 03:00:00,4.120924
2021-06-20 04:00:00,5.9317837
2021-06-20 05:00:00,7.994091
2021-06-20 06:00:00,10.209423
2021-06-20 07:00:00,11.929108
2021-06-20 08:00:00,14.070488
2021-06-20 09:00:00,16.193079
2021-06-20 10:00:00,18.001705
2021-06-20 11:00:00,19.47656
2021-06-20 12:00:00,20.457518
2021-06-20 13:00:00,21.089657
2021-06-20 14:00:00,21.495136
2021-06-20 15:00:00,21.84657
2021-06-20 16:00:00,22.182766
2021-06-20 17:00:00,22.401316
2021-06-20 18:00:00,22.501911
2021-06-20 19:00:00,22.534657
2021-06-20 20:00:00,22.58825
2021-06-20 21:00:00,22.696201
2021-06-20 22:00:00,22.74676
2021-06-20 23:00:00,22.759098
2021-06-21 00:00:00,22.761482
2021-06-21 01:00:00,0.00086336513
2021-06-21 02:00:00,0.0011264347
2021-06-21 03:00:00,0.0020564185
2021-06-21 04:00:00,0.0058875303
2021-06-21 05:00:00,0.06907375
2021-06-21 06:00:00,0.25115523
2021-06-21 07:00:00,0.43603256
2021-06-21 08:00:00,0.63929224
2021-06-21 09:00:00,1.0261606
2021-06-21 10:00:00,1.9321948
2021-06-21 11:00:00,2.351736
2021-06-21 12:00:00,2.5863395
2021-06-21 13:00:00,2.7348642
2021-06-21 14:00:00,2.7997556
2021-06-21 15:00:00,2.8140483
2021-06-21 16:00:00,2.82214
2021-06-21 17:00:00,2.8383486
2021-06-21 18:00:00,2.850109
2021-06-21 19:00:00,2.855947
2021-06-21 20:00:00,2.859456
2021-06-21 21:00:00,2.869724
2021-06-21 22:00:00,2.8737276
2021-06-21 23:00:00,2.876338
2021-06-22 00:00:00,2.8854249
2021-06-22 01:00:00,0.0067206565
2021-06-22 02:00:00,0.019487925
2021-06-22 03:00:00,0.03189279
2021-06-22 04:00:00,0.052286893
2021-06-22 05:00:00,0.15722251
2021-06-22 06:00:00,0.41001117
2021-06-22 07:00:00,0.5792298
2021-06-22 08:00:00,0.70034826
2021-06-22 09:00:00,0.81880414
2021-06-22 10:00:00,0.97553897
2021-06-22 11:00:00,1.1709455
2021-06-22 12:00:00,1.2588303
2021-06-22 13:00:00,1.4288747
2021-06-22 14:00:00,1.5007651
2021-06-22 15:00:00,1.525913
2021-06-22 16:00:00,1.5448283
2021-06-22 17:00:00,1.559793
2021-06-22 18:00:00,1.570126
2021-06-22 19:00:00,1.5752501
2021-06-22 20:00:00,1.5782034
2021-06-22 21:00:00,1.5808223
2021-06-22 22:00:00,1.583075
2021-06-22 23:00:00,1.5882239
2021-06-23 00:00:00,1.5949583
2021-06-23 01:00:00,0.0029514194
2021-06-23 02:00:00,0.0070091337
2021-06-23 03:00:00,0.010094489
2021-06-23 04:00:00,0.06694382
2021-06-23 05:00:00,0.17493775
2021-06-23 06:00:00,0.4268552
2021-06-23 07:00:00,0.688822
2021-06-23 08:00:00,0.9749418
2021-06-23 09:00:00,1.1351836
2021-06-23 10:00:00,1.3145096
2021-06-23 11:00:00,1.5203515
2021-06-23 12:00:00,1.6411765
2021-06-23 13:00:00,1.7457061
2021-06-23 14:00:00,1.7810361
2021-06-23 15:00:00,1.8066536
2021-06-23 16:00:00,1.8202239
2021-06-23 17:00:00,1.8321011
2021-06-23 18:00:00,1.8373051
2021-06-23 19:00:00,1.8461205
2021-06-23 20:00:00,1.9720227
2021-06-23 21:00:00,2.0401423
2021-06-23 22:00:00,2.0414493
2021-06-23 23:00:00,2.041862
2021-06-24 00:00:00,2.0420618
2021-06-24 01:00:00,0.0003663299
2021-06-24 02:00:00,0.00081653707
2021-06-24 03:00:00,0.004668953
2021-06-24 04:00:00,0.034811907
2021-06-24 05:00:00,0.14479901
2021-06-24 06:00:00,0.32686257
2021-06-24 07:00:00,0.47189882
2021-06-24 08:00:00,0.7021371
2021-06-24 09:00:00,1.1833748
2021-06-24 10:00:00,1.3188986
2021-06-24 11:00:00,1.4657102
2021-06-24 12:00:00,1.7754883
2021-06-24 13:00:00,1.7926947
2021-06-24 14:00:00,1.8072412
2021-06-24 15:00:00,1.8364727
2021-06-24 16:00:00,1.8528626
2021-06-24 17:00:00,1.8670256
2021-06-24 18:00:00,1.8742788
2021-06-24 19:00:00,1.8811829
2021-06-24 20:00:00,1.8841338
2021-06-24 21:00:00,1.8875735
2021-06-24 22:00:00,1.8902588
2021-06-24 23:00:00,1.8919348
2021-06-25 00:00:00,1.8928843
2021-06-25 01:00:00,0.0004505855
2021-06-25 02:00:00,0.0013961981
2021-06-25 03:00:00,0.015606463
2021-06-25 04:00:00,0.09542383
2021-06-25 05:00:00,0.24781983
2021-06-25 06:00:00,0.569923
2021-06-25 07:00:00,0.8907944
2021-06-25 08:00:00,1.1544204
2021-06-25 09:00:00,1.3417164
2021-06-25 10:00:00,1.7961054
2021-06-25 11:00:00,2.2812138
2021-06-25 12:00:00,2.8652093
2021-06-25 13:00:00,3.155624
2021-06-25 14:00:00,3.2207375
2021-06-25 15:00:00,3.243063
2021-06-25 16:00:00,3.2573247
2021-06-25 17:00:00,3.2633643
2021-06-25 18:00:00,3.28405
2021-06-25 19:00:00,3.3066893
2021-06-25 20:00:00,3.3713417
2021-06-25 21:00:00,3.39748
2021-06-25 22:00:00,3.4020326
2021-06-25 23:00:00,3.4028065
2021-06-26 00:00:00,3.4031606
2021-06-26 01:00:00,0.00030349474
2021-06-26 02:00:00,0.00071158865
2021-06-26 03:00:00,0.00539748
2021-06-26 04:00:00,0.0402109
2021-06-26 05:00:00,0.109593034
2021-06-26 06:00:00,0.2677387
2021-06-26 07:00:00,0.43783057
2021-06-26 08:00:00,0.6539043
2021-06-26 09:00:00,1.201069
2021-06-26 10:00:00,1.9491935
2021-06-26 11:00:00,2.4022505
2021-06-26 12:00:00,2.6712475
2021-06-26 13:00:00,2.8217978
2021-06-26 14:00:00,2.9317784
2021-06-26 15:00:00,2.949162
2021-06-26 16:00:00,2.9623945
2021-06-26 17:00:00,2.9688978
2021-06-26 18:00:00,2.9729137
2021-06-26 19:00:00,2.9795442
2021-06-26 20:00:00,2.981482
2021-06-26 21:00:00,2.9827058
2021-06-26 22:00:00,2.9837742
2021-06-26 23:00:00,2.985073
2021-06-27 00:00:00,2.9865077
2021-06-27 01:00:00,0.0010690565
2021-06-27 02:00:00,0.0017123239
2021-06-27 03:00:00,0.004096597
2021-06-27 04:00:00,0.020107836
2021-06-27 05:00:00,0.10400045
2021-06-27 06:00:00,0.2133036
2021-06-27 07:00:00,0.32034016
2021-06-27 08:00:00,0.4385079
2021-06-27 09:00:00,0.5295783
2021-06-27 10:00:00,0.6463608
2021-06-27 11:00:00,0.9608916
2021-06-27 12:00:00,1.0861447
2021-06-27 13:00:00,1.160587
2021-06-27 14:00:00,1.2078085
2021-06-27 15:00:00,1.2083764
2021-06-27 16:00:00,1.2083992
2021-06-27 17:00:00,1.2115746
2021-06-27 18:00:00,1.2182146
2021-06-27 19:00:00,1.2232625
2021-06-27 20:00:00,1.2262508
2021-06-27 21:00:00,1.230556
2021-06-27 22:00:00,1.2362152
2021-06-27 23:00:00,1.2372758
2021-06-28 00:00:00,1.2376443
2021-06-28 01:00:00,0.00016175909
2021-06-28 02:00:00,0.00029979856
2021-06-28 03:00:00,0.0014156103
2021-06-28 04:00:00,0.030329801
2021-06-28 05:00:00,0.09045261
2021-06-28 06:00:00,0.1921387
2021-06-28 07:00:00,0.28292263
2021-06-28 08:00:00,0.38176256
2021-06-28 09:00:00,0.47986054
2021-06-28 10:00:00,0.576322
2021-06-28 11:00:00,0.68365103
2021-06-28 12:00:00,0.7831242
2021-06-28 13:00:00,0.8223988
2021-06-28 14:00:00,0.8586009
2021-06-28 15:00:00,0.8675307
2021-06-28 16:00:00,0.8683989
2021-06-28 17:00:00,0.8686508
2021-06-28 18:00:00,0.87014604
2021-06-28 19:00:00,0.9299928
2021-06-28 20:00:00,0.9821295
2021-06-28 21:00:00,0.9998237
2021-06-28 22:00:00,1.0056244
2021-06-28 23:00:00,1.0161126
2021-06-29 00:00:00,1.0225533
2021-06-29 01:00:00,0.018148536
2021-06-29 02:00:00,0.047721606
2021-06-29 03:00:00,0.0703634
2021-06-29 04:00:00,0.12701564
2021-06-29 05:00:00,0.18573622
2021-06-29 06:00:00,0.27931926
2021-06-29 07:00:00,0.3801207
2021-06-29 08:00:00,0.4897362
2021-06-29 09:00:00,0.59653145
2021-06-29 10:00:00,0.6930567
2021-06-29 11:00:00,0.7904067
2021-06-29 12:00:00,0.8691468
2021-06-29 13:00:00,0.9567285
2021-06-29 14:00:00,1.0034251
2021-06-29 15:00:00,1.1395309
2021-06-29 16:00:00,1.271775
2021-06-29 17:00:00,1.3915882
2021-06-29 18:00:00,1.6083179
2021-06-29 19:00:00,1.9925039
2021-06-29 20:00:00,2.1836522
2021-06-29 21:00:00,2.274041
2021-06-29 22:00:00,2.3288987
2021-06-29 23:00:00,2.3634603
2021-06-30 00:00:00,2.3882666
2021-06-30 01:00:00,0.020763604
2021-06-30 02:00:00,0.03464607
2021-06-30 03:00:00,0.05561655
2021-06-30 04:00:00,0.12933463
2021-06-30 05:00:00,0.20067742
2021-06-30 06:00:00,0.31074637
2021-06-30 07:00:00,0.49453133
2021-06-30 08:00:00,0.6541105
2021-06-30 09:00:00,0.865031
2021-06-30 10:00:00,1.0980827
2021-06-30 11:00:00,1.3166372
2021-06-30 12:00:00,1.4894207
2021-06-30 13:00:00,1.6107342
2021-06-30 14:00:00,1.8610771
2021-06-30 15:00:00,2.0682085
2021-06-30 16:00:00,2.3567576
2021-06-30 17:00:00,2.644805
2021-06-30 18:00:00,2.950491
2021-06-30 19:00:00,3.1528726
2021-06-30 20:00:00,3.3120108
2021-06-30 21:00:00,3.5158272
2021-06-30 22:00:00,3.6418352
2021-06-30 23:00:00,3.7295876
2021-07-01 00:00:00,3.771974
2021-07-01 01:00:00,0.031456206
2021-07-01 02:00:00,0.074610576
2021-07-01 03:00:00,0.11535956
2021-07-01 04:00:00,0.15036424
2021-07-01 05:00:00,0.2237152
2021-07-01 06:00:00,0.30335784
2021-07-01 07:00:00,0.5040926
2021-07-01 08:00:00,0.7485198
2021-07-01 09:00:00,1.0755402
2021-07-01 10:00:00,1.5660473
2021-07-01 11:00:00,1.9261317
2021-07-01 12:00:00,2.2545636
2021-07-01 13:00:00,2.4979334
2021-07-01 14:00:00,2.6820226
2021-07-01 15:00:00,2.8736324
2021-07-01 16:00:00,3.0594652
2021-07-01 17:00:00,3.5424688
2021-07-01 18:00:00,4.220948
2021-07-01 19:00:00,4.806777
2021-07-01 20:00:00,5.205402
2021-07-01 21:00:00,5.6521044
2021-07-01 22:00:00,6.0639143
2021-07-01 23:00:00,6.3628097
2021-07-02 00:00:00,6.639337
2021-07-02 01:00:00,0.13407001
2021-07-02 02:00:00,0.19625144
2021-07-02 03:00:00,0.2743261
2021-07-02 04:00:00,0.39334363
2021-07-02 05:00:00,0.56788653
2021-07-02 06:00:00,0.76951325
2021-07-02 07:00:00,0.9586315
2021-07-02 08:00:00,1.1847532
2021-07-02 09:00:00,1.4660221
2021-07-02 10:00:00,1.7176522
2021-07-02 11:00:00,1.9236537
2021-07-02 12:00:00,2.0133796
2021-07-02 13:00:00,2.1127186
2021-07-02 14:00:00,2.1814156
2021-07-02 15:00:00,2.2029002
2021-07-02 16:00:00,2.2247663
2021-07-02 17:00:00,2.271804
2021-07-02 18:00:00,2.4205306
2021-07-02 19:00:00,2.4230564
2021-07-02 20:00:00,2.4347012
2021-07-02 21:00:00,2.4693537
2021-07-02 22:00:00,2.4801354
2021-07-02 23:00:00,2.4972162
2021-07-03 00:00:00,2.4984303
2021-07-03 01:00:00,0.00015913974
2021-07-03 02:00:00,0.00020989683
2021-07-03 03:00:00,0.0019758008
2021-07-03 04:00:00,0.01130905
2021-07-03 05:00:00,0.022831373
2021-07-03 06:00:00,0.08012541
2021-07-03 07:00:00,0.38686395
2021-07-03 08:00:00,0.6133804
2021-07-03 09:00:00,0.9312431
2021-07-03 10:00:00,1.2311072
2021-07-03 11:00:00,1.5400989
2021-07-03 12:00:00,1.8320754
2021-07-03 13:00:00,2.00039
2021-07-03 14:00:00,2.0584974
2021-07-03 15:00:00,2.0654676
2021-07-03 16:00:00,2.0668385
2021-07-03 17:00:00,2.0701733
2021-07-03 18:00:00,2.0736773
2021-07-03 19:00:00,2.0821235
2021-07-03 20:00:00,2.0854561
2021-07-03 21:00:00,2.099861
2021-07-03 22:00:00,2.1014462
2021-07-03 23:00:00,2.102067
2021-07-04 00:00:00,2.1023505
2021-07-04 01:00:00,0.0008014031
2021-07-04 02:00:00,0.001369568
2021-07-04 03:00:00,0.007716473
2021-07-04 04:00:00,0.016363105
2021-07-04 05:00:00,0.0506714
2021-07-04 06:00:00,0.15484379
2021-07-04 07:00:00,0.466385
2021-07-04 08:00:00,0.7709478
2021-07-04 09:00:00,1.1550863
2021-07-04 10:00:00,1.7521551
2021-07-04 11:00:00,2.2819796
2021-07-04 12:00:00,2.643942
2021-07-04 13:00:00,2.8194394
2021-07-04 14:00:00,2.9046488
2021-07-04 15:00:00,2.922269
2021-07-04 16:00:00,2.9375167
2021-07-04 17:00:00,2.9472923
2021-07-04 18:00:00,2.9584007
2021-07-04 19:00:00,3.0397217
2021-07-04 20:00:00,3.1264136
2021-07-04 21:00:00,3.1579826
2021-07-04 22:00:00,3.1606078
2021-07-04 23:00:00,3.1608958
2021-07-05 00:00:00,3.1610327
2021-07-05 01:00:00,0.00013477984
2021-07-05 02:00:00,0.00028469367
2021-07-05 03:00:00,0.000367756
2021-07-05 04:00:00,0.008897157
2021-07-05 05:00:00,0.090681836
2021-07-05 06:00:00,0.18627569
2021-07-05 07:00:00,0.36038262
2021-07-05 08:00:00,0.5652864
2021-07-05 09:00:00,0.7878021
2021-07-05 10:00:00,1.1051381
2021-07-05 11:00:00,1.5371491
2021-07-05 12:00:00,1.7951818
2021-07-05 13:00:00,1.973705
2021-07-05 14:00:00,2.056477
2021-07-05 15:00:00,2.11161
2021-07-05 16:00:00,2.1493511
2021-07-05 17:00:00,2.174262
2021-07-05 18:00:00,2.18897
2021-07-05 19:00:00,2.2408347
2021-07-05 20:00:00,2.2558677
2021-07-05 21:00:00,2.2610035
2021-07-05 22:00:00,2.2622366
2021-07-05 23:00:00,2.263288
2021-07-06 00:00:00,2.2643433
2021-07-06 01:00:00,0.0005202892
2021-07-06 02:00:00,0.0041278545
2021-07-06 03:00:00,0.032471783
2021-07-06 04:00:00,0.063577436
2021-07-06 05:00:00,0.11184474
2021-07-06 06:00:00,0.24957047
2021-07-06 07:00:00,0.4179756
2021-07-06 08:00:00,0.74442804
2021-07-06 09:00:00,1.0351322
2021-07-06 10:00:00,1.4310664
2021-07-06 11:00:00,1.6203644
2021-07-06 12:00:00,1.688497
2021-07-06 13:00:00,1.7343702
2021-07-06 14:00:00,1.7451409
2021-07-06 15:00:00,1.7511077
2021-07-06 16:00:00,1.7535663
2021-07-06 17:00:00,1.7567836
2021-07-06 18:00:00,1.7666411
2021-07-06 19:00:00,1.819257
2021-07-06 20:00:00,1.9560648
2021-07-06 21:00:00,2.1953716
2021-07-06 22:00:00,2.3855405
2021-07-06 23:00:00,2.5367835
2021-07-07 00:00:00,2.6995454
2021-07-07 01:00:00,0.17892578
2021-07-07 02:00:00,0.3340373
2021-07-07 03:00:00,0.40319782
2021-07-07 04:00:00,0.4539895
2021-07-07 05:00:00,0.6204789
2021-07-07 06:00:00,0.75595325
2021-07-07 07:00:00,1.0238019
2021-07-07 08:00:00,1.2878338
2021-07-07 09:00:00,1.5385363
2021-07-07 10:00:00,1.7796957
2021-07-07 11:00:00,1.9891984
2021-07-07 12:00:00,2.0646152
2021-07-07 13:00:00,2.090812
2021-07-07 14:00:00,2.0973234
2021-07-07 15:00:00,2.1055944
2021-07-07 16:00:00,2.1637523
2021-07-07 17:00:00,2.2252734
2021-07-07 18:00:00,2.311201
2021-07-07 19:00:00,2.7341537
2021-07-07 20:00:00,3.2613907
2021-07-07 21:00:00,4.0644484
2021-07-07 22:00:00,4.8189163
2021-07-07 23:00:00,5.586384
2021-07-08 00:00:00,6.218738
2021-07-08 01:00:00,0.44946134
2021-07-08 02:00:00,0.7470003
2021-07-08 03:00:00,0.9464482
2021-07-08 04:00:00,1.1179066
2021-07-08 05:00:00,1.3745476
2021-07-08 06:00:00,1.5794749
2021-07-08 07:00:00,2.0180566
2021-07-08 08:00:00,2.8535266
2021-07-08 09:00:00,3.6466799
2021-07-08 10:00:00,4.407308
2021-07-08 11:00:00,5.0114636
2021-07-08 12:00:00,5.619116
2021-07-08 13:00:00,6.2441187
2021-07-08 14:00:00,6.8018723
2021-07-08 15:00:00,7.1433706
2021-07-08 16:00:00,7.318695
2021-07-08 17:00:00,7.4871407
2021-07-08 18:00:00,7.646755
2021-07-08 19:00:00,7.851892
2021-07-08 20:00:00,7.999557
2021-07-08 21:00:00,8.135316
2021-07-08 22:00:00,8.275307
2021-07-08 23:00:00,8.409086
2021-07-09 00:00:00,8.495141
2021-07-09 01:00:00,0.094009675
2021-07-09 02:00:00,0.23085341
2021-07-09 03:00:00,0.5391927
2021-07-09 04:00:00,1.0030752
2021-07-09 05:00:00,1.7797348
2021-07-09 06:00:00,2.6195168
2021-07-09 07:00:00,3.2797208
2021-07-09 08:00:00,3.7596815
2021-07-09 09:00:00,4.1158266
2021-07-09 10:00:00,4.4946756
2021-07-09 11:00:00,4.9689846
2021-07-09 12:00:00,5.2721205
2021-07-09 13:00:00,5.637321
2021-07-09 14:00:00,5.688654
2021-07-09 15:00:00,5.693042
2021-07-09 16:00:00,5.6988573
2021-07-09 17:00:00,5.71323
2021-07-09 18:00:00,5.7603045
2021-07-09 19:00:00,5.902375
2021-07-09 20:00:00,5.970851
2021-07-09 21:00:00,6.0862474
2021-07-09 22:00:00,6.334107
2021-07-09 23:00:00,6.608416
2021-07-10 00:00:00,6.726584
2021-07-10 01:00:00,0.05891386
2021-07-10 02:00:00,0.124524176
2021-07-10 03:00:00,0.16986765
2021-07-10 04:00:00,0.2329573
2021-07-10 05:00:00,0.36183816
2021-07-10 06:00:00,0.59011716
2021-07-10 07:00:00,1.1414711
2021-07-10 08:00:00,1.7107906
2021-07-10 09:00:00,2.3803234
2021-07-10 10:00:00,3.6129646
2021-07-10 11:00:00,4.64344
2021-07-10 12:00:00,5.369128
2021-07-10 13:00:00,5.5638256
2021-07-10 14:00:00,5.6315327
2021-07-10 15:00:00,5.6443977
2021-07-10 16:00:00,5.6489344
2021-07-10 17:00:00,5.665477
2021-07-10 18:00:00,5.6946573
2021-07-10 19:00:00,6.243227
2021-07-10 20:00:00,6.8963995
2021-07-10 21:00:00,8.283335
2021-07-10 22:00:00,10.046955
2021-07-10 23:00:00,11.420846
2021-07-11 00:00:00,12.389467
2021-07-11 01:00:00,1.3404305
2021-07-11 02:00:00,2.2787607
2021-07-11 03:00:00,3.4791503
2021-07-11 04:00:00,4.9027596
2021-07-11 05:00:00,6.6652193
2021-07-11 06:00:00,8.508263
2021-07-11 07:00:00,9.981144
2021-07-11 08:00:00,11.859758
2021-07-11 09:00:00,13.593546
2021-07-11 10:00:00,15.531689
2021-07-11 11:00:00,16.674276
2021-07-11 12:00:00,17.164743
2021-07-11 13:00:00,17.344185
2021-07-11 14:00:00,17.398872
2021-07-11 15:00:00,17.446314
2021-07-11 16:00:00,17.463806
2021-07-11 17:00:00,17.488567
2021-07-11 18:00:00,17.61371
2021-07-11 19:00:00,18.400726
2021-07-11 20:00:00,19.415855
2021-07-11 21:00:00,21.421093
2021-07-11 22:00:00,23.899845
2021-07-11 23:00:00,27.407578
2021-07-12 00:00:00,31.85456
2021-07-12 01:00:00,5.3911467
2021-07-12 02:00:00,11.022419
2021-07-12 03:00:00,16.626362
2021-07-12 04:00:00,21.569431
2021-07-12 05:00:00,25.82026
2021-07-12 06:00:00,29.04972
2021-07-12 07:00:00,30.677528
2021-07-12 08:00:00,32.216892
2021-07-12 09:00:00,33.38175
2021-07-12 10:00:00,34.15199
2021-07-12 11:00:00,34.80954
2021-07-12 12:00:00,35.303764
2021-07-12 13:00:00,35.511013
2021-07-12 14:00:00,35.573082
2021-07-12 15:00:00,35.599167
2021-07-12 16:00:00,35.623768
2021-07-12 17:00:00,35.64684
2021-07-12 18:00:00,35.69565
2021-07-12 19:00:00,35.868675
2021-07-12 20:00:00,36.04794
2021-07-12 21:00:00,36.24042
2021-07-12 22:00:00,36.448517
2021-07-12 23:00:00,36.66359
2021-07-13 00:00:00,36.883236
2021-07-13 01:00:00,0.13460033
2021-07-13 02:00:00,0.2871155
2021-07-13 03:00:00,0.5409202
2021-07-13 04:00:00,0.7630174
2021-07-13 05:00:00,1.0166239
2021-07-13 06:00:00,1.4416778
2021-07-13 07:00:00,2.6737795
2021-07-13 08:00:00,3.9085746
2021-07-13 09:00:00,4.560754
2021-07-13 10:00:00,5.036168
2021-07-13 11:00:00,5.3634124
2021-07-13 12:00:00,5.804695
2021-07-13 13:00:00,5.9823785
2021-07-13 14:00:00,6.037785
2021-07-13 15:00:00,6.057205
2021-07-13 16:00:00,6.0727262
2021-07-13 17:00:00,6.145076
2021-07-13 18:00:00,6.3576174
2021-07-13 19:00:00,7.115304
2021-07-13 20:00:00,7.917738
2021-07-13 21:00:00,8.684874
2021-07-13 22:00:00,9.413773
2021-07-13 23:00:00,9.857569
2021-07-14 00:00:00,10.141641
2021-07-14 01:00:00,0.17105287
2021-07-14 02:00:00,0.27879864
2021-07-14 03:00:00,0.34298503
2021-07-14 04:00:00,0.40751708
2021-07-14 05:00:00,0.59478325
2021-07-14 06:00:00,0.87608814
2021-07-14 07:00:00,1.487619
2021-07-14 08:00:00,2.1614525
2021-07-14 09:00:00,3.2574072
2021-07-14 10:00:00,4.1107173
2021-07-14 11:00:00,4.455425
2021-07-14 12:00:00,4.7322435
2021-07-14 13:00:00,4.8054667
2021-07-14 14:00:00,4.81439
2021-07-14 15:00:00,4.8179445
2021-07-14 16:00:00,4.8236427
2021-07-14 17:00:00,4.8380337
2021-07-14 18:00:00,5.0398254
2021-07-14 19:00:00,5.115389
2021-07-14 20:00:00,5.1792154
2021-07-14 21:00:00,5.239494
2021-07-14 22:00:00,5.3041406
2021-07-14 23:00:00,5.403971
2021-07-15 00:00:00,5.4516873
2021-07-15 01:00:00,0.012672972
2021-07-15 02:00:00,0.013348239
2021-07-15 03:00:00,0.036905985
2021-07-15 04:00:00,0.066949874
2021-07-15 05:00:00,0.15179254
2021-07-15 06:00:00,0.3559026
2021-07-15 07:00:00,0.7503741
2021-07-15 08:00:00,1.2601771
2021-07-15 09:00:00,2.0044968
2021-07-15 10:00:00,2.6814415
2021-07-15 11:00:00,2.961162
2021-07-15 12:00:00,3.1512604
2021-07-15 13:00:00,3.1919608
2021-07-15 14:00:00,3.2195585
2021-07-15 15:00:00,3.230824
2021-07-15 16:00:00,3.2499409
2021-07-15 17:00:00,3.3974853
2021-07-15 18:00:00,3.5326686
2021-07-15 19:00:00,3.7795417
2021-07-15 20:00:00,4.0159974
2021-07-15 21:00:00,4.3685346
2021-07-15 22:00:00,4.826086
2021-07-15 23:00:00,5.1119437
2021-07-16 00:00:00,5.2985992
2021-07-16 01:00:00,0.21866955
2021-07-16 02:00:00,0.44413072
2021-07-16 03:00:00,0.6638779
2021-07-16 04:00:00,1.01791
2021-07-16 05:00:00,1.3443744
2021-07-16 06:00:00,1.6262836
2021-07-16 07:00:00,1.8789842
2021-07-16 08:00:00,2.4359484
2021-07-16 09:00:00,2.8486984
2021-07-16 10:00:00,3.1774287
2021-07-16 11:00:00,3.5223992
2021-07-16 12:00:00,3.8185763
2021-07-16 13:00:00,3.9767766
2021-07-16 14:00:00,4.0467443
2021-07-16 15:00:00,4.168175
2021-07-16 16:00:00,4.38643
2021-07-16 17:00:00,4.603113
2021-07-16 18:00:00,4.8726997
2021-07-16 19:00:00,5.2494044
2021-07-16 20:00:00,5.718418
2021-07-16 21:00:00,6.2584333
2021-07-16 22:00:00,6.8043795
2021-07-16 23:00:00,7.292557
2021-07-17 00:00:00,7.7176266
2021-07-17 01:00:00,0.350042
2021-07-17 02:00:00,0.6534698
2021-07-17 03:00:00,0.84058744
2021-07-17 04:00:00,0.9829962
2021-07-17 05:00:00,1.1784112
2021-07-17 06:00:00,1.3346143
2021-07-17 07:00:00,1.5864668
2021-07-17 08:00:00,2.028418
2021-07-17 09:00:00,2.6511822
2021-07-17 10:00:00,3.2624435
2021-07-17 11:00:00,3.8039317
2021-07-17 12:00:00,4.1969323
2021-07-17 13:00:00,4.613435
2021-07-17 14:00:00,5.1429453
2021-07-17 15:00:00,5.798954
2021-07-17 16:00:00,6.5485497
2021-07-17 17:00:00,7.1920896
2021-07-17 18:00:00,7.875046
2021-07-17 19:00:00,8.676515
2021-07-17 20:00:00,9.544525
2021-07-17 21:00:00,11.078806
2021-07-17 22:00:00,12.460014
2021-07-17 23:00:00,12.838186
2021-07-18 00:00:00,13.030498
2021-07-18 01:00:00,0.087849386
2021-07-18 02:00:00,0.1715087
2021-07-18 03:00:00,0.26877537
2021-07-18 04:00:00,0.38655162
2021-07-18 05:00:00,0.59586054
2021-07-18 06:00:00,1.2284925
2021-07-18 07:00:00,2.15299
2021-07-18 08:00:00,3.6996105
2021-07-18 09:00:00,5.8504615
2021-07-18 10:00:00,8.715374
2021-07-18 11:00:00,12.351465
2021-07-18 12:00:00,16.257458
2021-07-18 13:00:00,19.576298
2021-07-18 14:00:00,22.185503
2021-07-18 15:00:00,23.30172
2021-07-18 16:00:00,24.005877
2021-07-18 17:00:00,24.44142
2021-07-18 18:00:00,24.796906
2021-07-18 19:00:00,25.260155
2021-07-18 20:00:00,25.769878
2021-07-18 21:00:00,26.518387
2021-07-18 22:00:00,27.48264
2021-07-18 23:00:00,29.37863
2021-07-19 00:00:00,32.000687
2021-07-19 01:00:00,4.0280805
2021-07-19 02:00:00,9.85701
2021-07-19 03:00:00,17.170918
2021-07-19 04:00:00,23.82826
2021-07-19 05:00:00,28.918476
2021-07-19 06:00:00,32.81878
2021-07-19 07:00:00,33.79305
2021-07-19 08:00:00,34.398083
2021-07-19 09:00:00,34.908405
2021-07-19 10:00:00,35.41833
2021-07-19 11:00:00,35.806053
2021-07-19 12:00:00,36.14822
2021-07-19 13:00:00,36.382893
2021-07-19 14:00:00,36.57282
2021-07-19 15:00:00,36.769146
2021-07-19 16:00:00,37.07338
2021-07-19 17:00:00,37.610878
2021-07-19 18:00:00,38.324978
2021-07-19 19:00:00,39.396748
2021-07-19 20:00:00,40.771164
2021-07-19 21:00:00,42.40652
2021-07-19 22:00:00,44.01462
2021-07-19 23:00:00,45.56561
2021-07-20 00:00:00,47.259727
2021-07-20 01:00:00,1.7957373
2021-07-20 02:00:00,3.5222988
2021-07-20 03:00:00,5.1118026
2021-07-20 04:00:00,6.6009526
2021-07-20 05:00:00,8.014055
2021-07-20 06:00:00,9.14769
2021-07-20 07:00:00,10.0596695
2021-07-20 08:00:00,10.910389
2021-07-20 09:00:00,11.692381
2021-07-20 10:00:00,12.430377
2021-07-20 11:00:00,12.936258
2021-07-20 12:00:00,13.32585
2021-07-20 13:00:00,13.6522045
2021-07-20 14:00:00,13.875301
2021-07-20 15:00:00,14.084833
2021-07-20 16:00:00,14.340087
2021-07-20 17:00:00,14.818908
2021-07-20 18:00:00,15.751202
2021-07-20 19:00:00,16.039501
2021-07-20 20:00:00,16.469336
2021-07-20 21:00:00,17.128885
2021-07-20 22:00:00,17.844639
2021-07-20 23:00:00,18.590698
2021-07-21 00:00:00,19.282494
2021-07-21 01:00:00,0.58686864
2021-07-21 02:00:00,0.8864349
2021-07-21 03:00:00,1.245599
2021-07-21 04:00:00,1.7737448
2021-07-21 05:00:00,2.2485344
2021-07-21 06:00:00,3.0341244
2021-07-21 07:00:00,4.0998445
2021-07-21 08:00:00,5.414781
2021-07-21 09:00:00,7.198988
2021-07-21 10:00:00,9.434116
2021-07-21 11:00:00,11.346227
2021-07-21 12:00:00,12.887644
2021-07-21 13:00:00,13.7799835
2021-07-21 14:00:00,14.182739
2021-07-21 15:00:00,14.328613
2021-07-21 16:00:00,14.511753
2021-07-21 17:00:00,14.972261
2021-07-21 18:00:00,15.778457
2021-07-21 19:00:00,16.532557
2021-07-21 20:00:00,17.229778
2021-07-21 21:00:00,18.039537
2021-07-21 22:00:00,18.95094
2021-07-21 23:00:00,19.922562
2021-07-22 00:00:00,21.010933
2021-07-22 01:00:00,1.0777416
2021-07-22 02:00:00,2.186213
2021-07-22 03:00:00,3.4296165
2021-07-22 04:00:00,5.310402
2021-07-22 05:00:00,7.7099104
2021-07-22 06:00:00,10.28541
2021-07-22 07:00:00,13.442528
2021-07-22 08:00:00,16.267567
2021-07-22 09:00:00,18.49036
2021-07-22 10:00:00,20.122875
2021-07-22 11:00:00,21.303726
2021-07-22 12:00:00,22.060713
2021-07-22 13:00:00,22.637722
2021-07-22 14:00:00,23.074535
2021-07-22 15:00:00,23.397646
2021-07-22 16:00:00,23.727764
2021-07-22 17:00:00,24.105228
2021-07-22 18:00:00,24.60477
2021-07-22 19:00:00,25.072405
2021-07-22 20:00:00,25.605206
2021-07-22 21:00:00,26.365135
2021-07-22 22:00:00,26.928005
2021-07-22 23:00:00,27.528341
2021-07-23 00:00:00,27.860304
2021-07-23 01:00:00,0.32267886
2021-07-23 02:00:00,0.7529582
2021-07-23 03:00:00,1.3403431
2021-07-23 04:00:00,1.9690466
2021-07-23 05:00:00,2.5287452
2021-07-23 06:00:00,2.946122
2021-07-23 07:00:00,3.8236554
2021-07-23 08:00:00,4.9286137
2021-07-23 09:00:00,5.870612
2021-07-23 10:00:00,6.2785435
2021-07-23 11:00:00,6.702204
2021-07-23 12:00:00,6.9771643
2021-07-23 13:00:00,7.1905923
2021-07-23 14:00:00,7.2771873
2021-07-23 15:00:00,7.3537283
2021-07-23 16:00:00,7.531131
2021-07-23 17:00:00,7.807191
2021-07-23 18:00:00,8.206436
2021-07-23 19:00:00,8.740099
2021-07-23 20:00:00,9.142139
2021-07-23 21:00:00,9.506084
2021-07-23 22:00:00,9.893388
2021-07-23 23:00:00,10.456772
2021-07-24 00:00:00,10.975316
2021-07-24 01:00:00,0.58260524
2021-07-24 02:00:00,1.0523158
2021-07-24 03:00:00,1.5126333
2021-07-24 04:00:00,1.8124568
2021-07-24 05:00:00,2.0938919
2021-07-24 06:00:00,2.334619
2021-07-24 07:00:00,2.7644837
2021-07-24 08:00:00,2.9917138
2021-07-24 09:00:00,3.2690606
2021-07-24 10:00:00,3.470231
2021-07-24 11:00:00,3.5685747
2021-07-24 12:00:00,3.7499547
2021-07-24 13:00:00,3.9465075
2021-07-24 14:00:00,4.0238094
2021-07-24 15:00:00,4.1259885
2021-07-24 16:00:00,4.271914
2021-07-24 17:00:00,4.448546
2021-07-24 18:00:00,4.6216536
2021-07-24 19:00:00,4.7682304
2021-07-24 20:00:00,4.896922
2021-07-24 21:00:00,5.0702252
2021-07-24 22:00:00,5.1850386
2021-07-24 23:00:00,5.2047434
2021-07-25 00:00:00,5.25821
2021-07-25 01:00:00,0.027671864
2021-07-25 02:00:00,0.08754473
2021-07-25 03:00:00,0.16329041
2021-07-25 04:00:00,0.21981004
2021-07-25 05:00:00,0.29749376
2021-07-25 06:00:00,0.40634486
2021-07-25 07:00:00,1.0857043
2021-07-25 08:00:00,1.5712357
2021-07-25 09:00:00,2.1683493
2021-07-25 10:00:00,2.7785585
2021-07-25 11:00:00,3.1040025
2021-07-25 12:00:00,3.220373
2021-07-25 13:00:00,3.3841245
2021-07-25 14:00:00,3.488242
2021-07-25 15:00:00,3.593559
2021-07-25 16:00:00,3.7014363
2021-07-25 17:00:00,4.11007
2021-07-25 18:00:00,4.7257867
2021-07-25 19:00:00,5.882571
2021-07-25 20:00:00,7.8815928
2021-07-25 21:00:00,10.550776
2021-07-25 22:00:00,12.954506
2021-07-25 23:00:00,14.96689
2021-07-26 00:00:00,16.72776
2021-07-26 01:00:00,1.5448117
2021-07-26 02:00:00,2.9878051
2021-07-26 03:00:00,3.8510861
2021-07-26 04:00:00,4.5247536
2021-07-26 05:00:00,5.312189
2021-07-26 06:00:00,6.101171
2021-07-26 07:00:00,7.1710134
2021-07-26 08:00:00,8.197399
2021-07-26 09:00:00,9.147591
2021-07-26 10:00:00,9.91467
2021-07-26 11:00:00,10.525637
2021-07-26 12:00:00,10.936044
2021-07-26 13:00:00,11.28458
2021-07-26 14:00:00,11.456688
2021-07-26 15:00:00,11.712921
2021-07-26 16:00:00,12.034825
2021-07-26 17:00:00,12.340049
2021-07-26 18:00:00,12.558232
2021-07-26 19:00:00,13.3364
2021-07-26 20:00:00,13.907922
2021-07-26 21:00:00,14.521116
2021-07-26 22:00:00,14.877358
2021-07-26 23:00:00,15.083584
2021-07-27 00:00:00,15.239904
2021-07-27 01:00:00,0.11529963
2021-07-27 02:00:00,0.2584345
2021-07-27 03:00:00,0.4055734
2021-07-27 04:00:00,0.5776999
2021-07-27 05:00:00,0.80354947
2021-07-27 06:00:00,0.9644762
2021-07-27 07:00:00,1.3210632
2021-07-27 08:00:00,1.6743515
2021-07-27 09:00:00,2.0770378
2021-07-27 10:00:00,2.594438
2021-07-27 11:00:00,3.3103967
2021-07-27 12:00:00,4.1099524
2021-07-27 13:00:00,5.2891393
2021-07-27 14:00:00,6.323735
2021-07-27 15:00:00,7.53448
2021-07-27 16:00:00,8.920552
2021-07-27 17:00:00,10.338343
2021-07-27 18:00:00,12.146168
2021-07-27 19:00:00,13.691675
2021-07-27 20:00:00,15.732341
2021-07-27 21:00:00,17.356297
2021-07-27 22:00:00,18.94154
2021-07-27 23:00:00,20.621815
2021-07-28 00:00:00,22.6119
2021-07-28 01:00:00,2.1919093
2021-07-28 02:00:00,4.064275
2021-07-28 03:00:00,5.628636
2021-07-28 04:00:00,7.033168
2021-07-28 05:00:00,8.421548
2021-07-28 06:00:00,9.897848
2021-07-28 07:00:00,12.1958275
2021-07-28 08:00:00,13.74386
2021-07-28 09:00:00,15.200413
2021-07-28 10:00:00,16.244915
2021-07-28 11:00:00,16.849766
2021-07-28 12:00:00,17.31895
2021-07-28 13:00:00,17.814333
2021-07-28 14:00:00,18.354742
2021-07-28 15:00:00,18.900173
2021-07-28 16:00:00,19.408209
2021-07-28 17:00:00,19.933481
2021-07-28 18:00:00,20.405605
2021-07-28 19:00:00,20.70279
2021-07-28 20:00:00,20.969086
2021-07-28 21:00:00,21.231607
2021-07-28 22:00:00,21.426577
2021-07-28 23:00:00,21.561987
2021-07-29 00:00:00,21.666336
2021-07-29 01:00:00,0.11636558
2021-07-29 02:00:00,0.3800047
2021-07-29 03:00:00,0.52200127
2021-07-29 04:00:00,1.1276863
2021-07-29 05:00:00,2.1379144
2021-07-29 06:00:00,3.289926
2021-07-29 07:00:00,4.660065
2021-07-29 08:00:00,6.214103
2021-07-29 09:00:00,7.6162724
2021-07-29 10:00:00,8.267851
2021-07-29 11:00:00,8.997152
2021-07-29 12:00:00,9.344172
2021-07-29 13:00:00,9.592328
2021-07-29 14:00:00,10.019197
2021-07-29 15:00:00,10.6934395
2021-07-29 16:00:00,11.340405
2021-07-29 17:00:00,11.890313
2021-07-29 18:00:00,12.481514
2021-07-29 19:00:00,13.351513
2021-07-29 20:00:00,14.226814
2021-07-29 21:00:00,14.905751
2021-07-29 22:00:00,15.520406
2021-07-29 23:00:00,16.15398
2021-07-30 00:00:00,16.597551
2021-07-30 01:00:00,0.4048822
2021-07-30 02:00:00,0.90124047
2021-07-30 03:00:00,1.6173286
2021-07-30 04:00:00,2.61897
2021-07-30 05:00:00,3.6544495
2021-07-30 06:00:00,4.673352
2021-07-30 07:00:00,5.338165
2021-07-30 08:00:00,6.0611153
2021-07-30 09:00:00,6.664277
2021-07-30 10:00:00,7.466067
2021-07-30 11:00:00,7.962538
2021-07-30 12:00:00,8.453147
2021-07-30 13:00:00,9.154934
2021-07-30 14:00:00,9.32124
2021-07-30 15:00:00,9.460565
2021-07-30 16:00:00,9.597883
2021-07-30 17:00:00,9.733159
2021-07-30 18:00:00,9.888284
2021-07-30 19:00:00,10.278998
2021-07-30 20:00:00,10.721875
2021-07-30 21:00:00,11.038185
2021-07-30 22:00:00,11.3805895
2021-07-30 23:00:00,11.693504
2021-07-31 00:00:00,11.917276
2021-07-31 01:00:00,0.1525399
2021-07-31 02:00:00,0.2355489
2021-07-31 03:00:00,0.33038437
2021-07-31 04:00:00,0.44510326
2021-07-31 05:00:00,0.70655894
2021-07-31 06:00:00,1.0841323
2021-07-31 07:00:00,1.7874185
2021-07-31 08:00:00,3.267251
2021-07-31 09:00:00,4.8252497
2021-07-31 10:00:00,5.7486315
2021-07-31 11:00:00,6.6156664
2021-07-31 12:00:00,7.0204644
2021-07-31 13:00:00,7.1579924
2021-07-31 14:00:00,7.218618
2021-07-31 15:00:00,7.3853807
2021-07-31 16:00:00,7.7360516
2021-07-31 17:00:00,7.976235
2021-07-31 18:00:00,8.394533
2021-07-31 19:00:00,8.544855
2021-07-31 20:00:00,8.709318
2021-07-31 21:00:00,8.996622
2021-07-31 22:00:00,9.214577
2021-07-31 23:00:00,9.378159
2021-08-01 00:00:00,9.561017
2021-08-01 01:00:00,0.14241773
2021-08-01 02:00:00,0.38335624
2021-08-01 03:00:00,0.75659865
2021-08-01 04:00:00,1.349414
2021-08-01 05:00:00,2.0133877
2021-08-01 06:00:00,2.7007616
2021-08-01 07:00:00,2.9764524
2021-08-01 08:00:00,3.747998
2021-08-01 09:00:00,4.6072083
2021-08-01 10:00:00,5.4707985
2021-08-01 11:00:00,6.4455037
2021-08-01 12:00:00,7.486394
2021-08-01 13:00:00,8.00599
2021-08-01 14:00:00,8.276934
2021-08-01 15:00:00,8.504986
2021-08-01 16:00:00,8.721394
2021-08-01 17:00:00,9.034925
2021-08-01 18:00:00,9.47076
2021-08-01 19:00:00,9.595749
2021-08-01 20:00:00,9.719538
2021-08-01 21:00:00,9.757275
2021-08-01 22:00:00,9.843086
2021-08-01 23:00:00,9.923888
2021-08-02 00:00:00,10.066561
2021-08-02 01:00:00,0.10697293
2021-08-02 02:00:00,0.18892583
2021-08-02 03:00:00,0.27203047
2021-08-02 04:00:00,0.4662649
2021-08-02 05:00:00,0.74610853
2021-08-02 06:00:00,1.6133835
2021-08-02 07:00:00,2.427351
2021-08-02 08:00:00,3.6785755
2021-08-02 09:00:00,5.4143085
2021-08-02 10:00:00,6.571812
2021-08-02 11:00:00,7.133739
2021-08-02 12:00:00,7.3831787
2021-08-02 13:00:00,7.498153
2021-08-02 14:00:00,7.526041
2021-08-02 15:00:00,7.6355486
2021-08-02 16:00:00,7.6975107
2021-08-02 17:00:00,7.7316017
2021-08-02 18:00:00,7.7810564
2021-08-02 19:00:00,7.8272886
2021-08-02 20:00:00,7.887559
2021-08-02 21:00:00,7.9113455
2021-08-02 22:00:00,7.9303617
2021-08-02 23:00:00,7.945361
2021-08-03 00:00:00,7.9626026
2021-08-03 01:00:00,0.015890721
2021-08-03 02:00:00,0.023873582
2021-08-03 03:00:00,0.04443969
2021-08-03 04:00:00,0.15395227
2021-08-03 05:00:00,0.29488373
2021-08-03 06:00:00,0.50033605
2021-08-03 07:00:00,0.8209897
2021-08-03 08:00:00,1.463732
2021-08-03 09:00:00,2.8306499
2021-08-03 10:00:00,3.9390633
2021-08-03 11:00:00,5.0686636
2021-08-03 12:00:00,5.811452
2021-08-03 13:00:00,6.090938
2021-08-03 14:00:00,6.14767
2021-08-03 15:00:00,6.186094
2021-08-03 16:00:00,6.2384777
2021-08-03 17:00:00,6.3400593
2021-08-03 18:00:00,6.4437423
2021-08-03 19:00:00,6.683663
2021-08-03 20:00:00,6.9176493
2021-08-03 21:00:00,7.1306243
2021-08-03 22:00:00,7.3436823
2021-08-03 23:00:00,7.5279055
2021-08-04 00:00:00,7.754528
2021-08-04 01:00:00,0.206947
2021-08-04 02:00:00,0.7208276
2021-08-04 03:00:00,1.3339276
2021-08-04 04:00:00,2.1078722
2021-08-04 05:00:00,3.1002645
2021-08-04 06:00:00,4.308257
2021-08-04 07:00:00,5.055223
2021-08-04 08:00:00,5.9709883
2021-08-04 09:00:00,7.854771
2021-08-04 10:00:00,8.51681
2021-08-04 11:00:00,8.958956
2021-08-04 12:00:00,9.294247
2021-08-04 13:00:00,9.514778
2021-08-04 14:00:00,9.631964
2021-08-04 15:00:00,9.740818
2021-08-04 16:00:00,9.792839
2021-08-04 17:00:00,9.838293
2021-08-04 18:00:00,9.893057
2021-08-04 19:00:00,9.997621
2021-08-04 20:00:00,10.106882
2021-08-04 21:00:00,10.19272
2021-08-04 22:00:00,10.284142
2021-08-04 23:00:00,10.355244
2021-08-05 00:00:00,10.396267
2021-08-05 01:00:00,0.021000333
2021-08-05 02:00:00,0.027867615
2021-08-05 03:00:00,0.06070279
2021-08-05 04:00:00,0.12095191
2021-08-05 05:00:00,0.26095426
2021-08-05 06:00:00,0.69722766
2021-08-05 07:00:00,1.3785331
2021-08-05 08:00:00,2.5685415
2021-08-05 09:00:00,3.727185
2021-08-05 10:00:00,4.7900553
2021-08-05 11:00:00,5.879955
2021-08-05 12:00:00,6.3816404
2021-08-05 13:00:00,6.7132316
2021-08-05 14:00:00,6.9011917
2021-08-05 15:00:00,7.094392
2021-08-05 16:00:00,7.3543406
2021-08-05 17:00:00,7.6289883
2021-08-05 18:00:00,8.026196
2021-08-05 19:00:00,8.42572
2021-08-05 20:00:00,8.909959
2021-08-05 21:00:00,9.218533
2021-08-05 22:00:00,9.500943
2021-08-05 23:00:00,9.794027
2021-08-06 00:00:00,10.179232
2021-08-06 01:00:00,0.3381943
2021-08-06 02:00:00,0.67911196
2021-08-06 03:00:00,1.0334167
2021-08-06 04:00:00,1.6789736
2021-08-06 05:00:00,2.72404
2021-08-06 06:00:00,3.753572
2021-08-06 07:00:00,4.8324623
2021-08-06 08:00:00,5.784611
2021-08-06 09:00:00,6.517577
2021-08-06 10:00:00,7.2143173
2021-08-06 11:00:00,7.53841
2021-08-06 12:00:00,7.930181
2021-08-06 13:00:00,8.147942
2021-08-06 14:00:00,8.183222
2021-08-06 15:00:00,8.217482
2021-08-06 16:00:00,8.345075
2021-08-06 17:00:00,8.4288025
2021-08-06 18:00:00,8.483929
2021-08-06 19:00:00,8.536519
2021-08-06 20:00:00,8.587281
2021-08-06 21:00:00,8.638698
2021-08-06 22:00:00,8.676422
2021-08-06 23:00:00,8.722306
2021-08-07 00:00:00,8.757759
2021-08-07 01:00:00,0.0035507837
2021-08-07 02:00:00,0.004006666
2021-08-07 03:00:00,0.022328109
2021-08-07 04:00:00,0.090786956
2021-08-07 05:00:00,0.23615396
2021-08-07 06:00:00,0.55777097
2021-08-07 07:00:00,1.4793572
2021-08-07 08:00:00,2.29255
2021-08-07 09:00:00,3.07697
2021-08-07 10:00:00,3.7347713
2021-08-07 11:00:00,4.2493467
2021-08-07 12:00:00,4.6006875
2021-08-07 13:00:00,4.7833824
2021-08-07 14:00:00,4.9352674
2021-08-07 15:00:00,5.083789
2021-08-07 16:00:00,5.1180363
2021-08-07 17:00:00,5.1282043
2021-08-07 18:00:00,5.138474
2021-08-07 19:00:00,5.479982
2021-08-07 20:00:00,5.8834395
2021-08-07 21:00:00,6.2689886
2021-08-07 22:00:00,6.662583
2021-08-07 23:00:00,7.135475
2021-08-08 00:00:00,7.548126
2021-08-08 01:00:00,0.42226735
2021-08-08 02:00:00,0.82280093
2021-08-08 03:00:00,1.2728868
2021-08-08 04:00:00,2.4075112
2021-08-08 05:00:00,3.500696
2021-08-08 06:00:00,4.581723
2021-08-08 07:00:00,5.4814663
2021-08-08 08:00:00,6.8945255
2021-08-08 09:00:00,8.577954
2021-08-08 10:00:00,9.953134
2021-08-08 11:00:00,10.735447
2021-08-08 12:00:00,11.104101
2021-08-08 13:00:00,11.449202
2021-08-08 14:00:00,11.715983
2021-08-08 15:00:00,11.99826
2021-08-08 16:00:00,12.254134
2021-08-08 17:00:00,12.507109
2021-08-08 18:00:00,12.60664
2021-08-08 19:00:00,13.120871
2021-08-08 20:00:00,13.56513
2021-08-08 21:00:00,13.986134
2021-08-08 22:00:00,14.285207
2021-08-08 23:00:00,14.53137
2021-08-09 00:00:00,14.829044
2021-08-09 01:00:00,0.31835848
2021-08-09 02:00:00,0.73443973
2021-08-09 03:00:00,1.1823598
2021-08-09 04:00:00,1.8362411
2021-08-09 05:00:00,2.588234
2021-08-09 06:00:00,3.4317327
2021-08-09 07:00:00,4.3029175
2021-08-09 08:00:00,5.173046
2021-08-09 09:00:00,6.08069
2021-08-09 10:00:00,6.8658876
2021-08-09 11:00:00,7.393591
2021-08-09 12:00:00,7.8486037
2021-08-09 13:00:00,8.218544
2021-08-09 14:00:00,8.347954
2021-08-09 15:00:00,8.452359
2021-08-09 16:00:00,8.507395
2021-08-09 17:00:00,8.558041
2021-08-09 18:00:00,8.599787
2021-08-09 19:00:00,8.746805
2021-08-09 20:00:00,8.86051
2021-08-09 21:00:00,9.02478
2021-08-09 22:00:00,9.062244
2021-08-09 23:00:00,9.094616
2021-08-10 00:00:00,9.125564
2021-08-10 01:00:00,0.01932567
2021-08-10 02:00:00,0.05167525
2021-08-10 03:00:00,0.086482905
2021-08-10 04:00:00,0.13999933
2021-08-10 05:00:00,0.22127503
2021-08-10 06:00:00,0.37198222
2021-08-10 07:00:00,0.71218306
2021-08-10 08:00:00,0.9971648
2021-08-10 09:00:00,1.4714522
2021-08-10 10:00:00,1.9629282
2021-08-10 11:00:00,2.2344751
2021-08-10 12:00:00,2.4828873
2021-08-10 13:00:00,2.65592
2021-08-10 14:00:00,2.6910617
2021-08-10 15:00:00,2.6997836
2021-08-10 16:00:00,2.71001
2021-08-10 17:00:00,2.726236
2021-08-10 18:00:00,2.7396472
2021-08-10 19:00:00,2.8293374
2021-08-10 20:00:00,2.8604
2021-08-10 21:00:00,2.9106972
2021-08-10 22:00:00,2.9471974
2021-08-10 23:00:00,2.9621758
2021-08-11 00:00:00,2.966074
2021-08-11 01:00:00,0.0023883767
2021-08-11 02:00:00,0.011902885
2021-08-11 03:00:00,0.019205444
2021-08-11 04:00:00,0.04110218
2021-08-11 05:00:00,0.08849497
2021-08-11 06:00:00,0.16276701
2021-08-11 07:00:00,0.38450944
2021-08-11 08:00:00,0.5453999
2021-08-11 09:00:00,0.73027694
2021-08-11 10:00:00,1.1467298
2021-08-11 11:00:00,1.5892825
2021-08-11 12:00:00,1.8631032
2021-08-11 13:00:00,2.0637684
2021-08-11 14:00:00,2.216568
2021-08-11 15:00:00,2.4110515
2021-08-11 16:00:00,2.654874
2021-08-11 17:00:00,2.8790832
2021-08-11 18:00:00,3.1630757
2021-08-11 19:00:00,3.187318
2021-08-11 20:00:00,3.2495265
2021-08-11 21:00:00,3.3200321
2021-08-11 22:00:00,3.4012852
2021-08-11 23:00:00,3.465798
2021-08-12 00:00:00,3.4912722
2021-08-12 01:00:00,0.009962271
2021-08-12 02:00:00,0.015490398
2021-08-12 03:00:00,0.028752722
2021-08-12 04:00:00,0.06676256
2021-08-12 05:00:00,0.16746077
2021-08-12 06:00:00,0.28637868
2021-08-12 07:00:00,1.5357193
2021-08-12 08:00:00,2.2121184
2021-08-12 09:00:00,2.9718218
2021-08-12 10:00:00,3.5986917
2021-08-12 11:00:00,4.219905
2021-08-12 12:00:00,4.5072308
2021-08-12 13:00:00,4.6577024
2021-08-12 14:00:00,4.765922
2021-08-12 15:00:00,4.842528
2021-08-12 16:00:00,4.925355
2021-08-12 17:00:00,5.0240326
2021-08-12 18:00:00,5.147499
2021-08-12 19:00:00,5.203595
2021-08-12 20:00:00,5.2605996
2021-08-12 21:00:00,5.3215284
2021-08-12 22:00:00,5.4016085
2021-08-12 23:00:00,5.481045
2021-08-13 00:00:00,5.5561104
2021-08-13 01:00:00,0.066815585
2021-08-13 02:00:00,0.101129584
2021-08-13 03:00:00,0.13438658
2021-08-13 04:00:00,0.2264498
2021-08-13 05:00:00,0.43866703
2021-08-13 06:00:00,0.6366507
2021-08-13 07:00:00,0.9889854
2021-08-13 08:00:00,1.2613587
2021-08-13 09:00:00,1.8758712
2021-08-13 10:00:00,2.1585574
2021-08-13 11:00:00,2.5254405
2021-08-13 12:00:00,2.869585
2021-08-13 13:00:00,2.9559965
2021-08-13 14:00:00,3.0197933
2021-08-13 15:00:00,3.0765657
2021-08-13 16:00:00,3.1518023
2021-08-13 17:00:00,3.288342
2021-08-13 18:00:00,3.4899313
2021-08-13 19:00:00,3.6668253
2021-08-13 20:00:00,3.8129697
2021-08-13 21:00:00,3.9338453
2021-08-13 22:00:00,4.064271
2021-08-13 23:00:00,4.162341
2021-08-14 00:00:00,4.2137527
2021-08-14 01:00:00,0.01845989
2021-08-14 02:00:00,0.030074153
2021-08-14 03:00:00,0.041999273
2021-08-14 04:00:00,0.075237125
2021-08-14 05:00:00,0.1711467
2021-08-14 06:00:00,0.34234345
2021-08-14 07:00:00,0.5253518
2021-08-14 08:00:00,0.8601047
2021-08-14 09:00:00,1.1476951
2021-08-14 10:00:00,1.3404136
2021-08-14 11:00:00,1.5735576
2021-08-14 12:00:00,1.7451174
2021-08-14 13:00:00,1.8218131
2021-08-14 14:00:00,1.8609878
2021-08-14 15:00:00,1.8947601
2021-08-14 16:00:00,1.9164515
2021-08-14 17:00:00,1.9327263
2021-08-14 18:00:00,1.948813
2021-08-14 19:00:00,2.0262876
2021-08-14 20:00:00,2.1436481
2021-08-14 21:00:00,2.2998505
2021-08-14 22:00:00,2.4896734
2021-08-14 23:00:00,2.7327309
2021-08-15 00:00:00,3.025248
2021-08-15 01:00:00,0.3515636
2021-08-15 02:00:00,0.7259405
2021-08-15 03:00:00,1.0322013
2021-08-15 04:00:00,1.2775751
2021-08-15 05:00:00,1.4591944
2021-08-15 06:00:00,1.6526862
2021-08-15 07:00:00,2.1311736
2021-08-15 08:00:00,2.794635
2021-08-15 09:00:00,3.3530328
2021-08-15 10:00:00,3.9050002
2021-08-15 11:00:00,4.1133466
2021-08-15 12:00:00,4.277254
2021-08-15 13:00:00,4.38221
2021-08-15 14:00:00,4.414976
2021-08-15 15:00:00,4.4225407
2021-08-15 16:00:00,4.425563
2021-08-15 17:00:00,4.4383616
2021-08-15 18:00:00,4.4603024
2021-08-15 19:00:00,4.4692383
2021-08-15 20:00:00,4.4805107
2021-08-15 21:00:00,4.5009847
2021-08-15 22:00:00,4.50484
2021-08-15 23:00:00,4.5203595
2021-08-16 00:00:00,4.526532
2021-08-16 01:00:00,0.0074643176
2021-08-16 02:00:00,0.012725359
2021-08-16 03:00:00,0.02918404
2021-08-16 04:00:00,0.036019947
2021-08-16 05:00:00,0.05836552
2021-08-16 06:00:00,0.08691056
2021-08-16 07:00:00,0.19384035
2021-08-16 08:00:00,0.31337002
2021-08-16 09:00:00,0.3873303
2021-08-16 10:00:00,0.48183927
2021-08-16 11:00:00,0.5318554
2021-08-16 12:00:00,0.55906826
2021-08-16 13:00:00,0.5711608
2021-08-16 14:00:00,0.57606745
2021-08-16 15:00:00,0.5776423
2021-08-16 16:00:00,0.5821757
2021-08-16 17:00:00,0.5845557
2021-08-16 18:00:00,0.5918664
2021-08-16 19:00:00,0.5952003
2021-08-16 20:00:00,0.59955347
2021-08-16 21:00:00,0.6000732
2021-08-16 22:00:00,0.6003167
2021-08-16 23:00:00,0.60061145
2021-08-17 00:00:00,0.6009428
2021-08-17 01:00:00,0.0155561725
2021-08-17 02:00:00,0.017126206
2021-08-17 03:00:00,0.030165654
2021-08-17 04:00:00,0.03996841
2021-08-17 05:00:00,0.07003639
2021-08-17 06:00:00,0.10107178
2021-08-17 07:00:00,0.22586575
2021-08-17 08:00:00,0.4027481
2021-08-17 09:00:00,0.5631112
2021-08-17 10:00:00,0.7222991
2021-08-17 11:00:00,0.82256854
2021-08-17 12:00:00,0.88618624
2021-08-17 13:00:00,0.8882878
2021-08-17 14:00:00,0.88841283
2021-08-17 15:00:00,0.8904808
2021-08-17 16:00:00,0.890496
2021-08-17 17:00:00,0.89113367
2021-08-17 18:00:00,0.8956501
2021-08-17 19:00:00,0.89689255
2021-08-17 20:00:00,0.8973521
2021-08-17 21:00:00,0.8993565
2021-08-17 22:00:00,0.9191804
2021-08-17 23:00:00,0.93785435
2021-08-18 00:00:00,0.9385941
2021-08-18 01:00:00,0.00014094985
2021-08-18 02:00:00,0.0014866237
2021-08-18 03:00:00,0.0081566395
2021-08-18 04:00:00,0.018778373
2021-08-18 05:00:00,0.06548245
2021-08-18 06:00:00,0.15810353
2021-08-18 07:00:00,0.3009231
2021-08-18 08:00:00,0.5483895
2021-08-18 09:00:00,1.2939042
2021-08-18 10:00:00,2.0732107
2021-08-18 11:00:00,2.5705175
2021-08-18 12:00:00,2.8990314
2021-08-18 13:00:00,3.096802
2021-08-18 14:00:00,3.2034345
2021-08-18 15:00:00,3.3184795
2021-08-18 16:00:00,3.4840913
2021-08-18 17:00:00,3.6792285
2021-08-18 18:00:00,3.977677
2021-08-18 19:00:00,4.13796
2021-08-18 20:00:00,4.249204
2021-08-18 21:00:00,4.4456367
2021-08-18 22:00:00,4.5338655
2021-08-18 23:00:00,4.5559525
2021-08-19 00:00:00,4.5712886
2021-08-19 01:00:00,0.024891606
2021-08-19 02:00:00,0.041723132
2021-08-19 03:00:00,0.096160516
2021-08-19 04:00:00,0.18806791
2021-08-19 05:00:00,0.3018037
2021-08-19 06:00:00,0.5868388
2021-08-19 07:00:00,1.0243871
2021-08-19 08:00:00,1.7760031
2021-08-19 09:00:00,3.4374137
2021-08-19 10:00:00,4.270097
2021-08-19 11:00:00,4.6515427
2021-08-19 12:00:00,5.1125846
2021-08-19 13:00:00,5.4364796
2021-08-19 14:00:00,5.5725975
2021-08-19 15:00:00,5.612328
2021-08-19 16:00:00,5.738469
2021-08-19 17:00:00,5.891888
2021-08-19 18:00:00,6.0208673
2021-08-19 19:00:00,6.7507286
2021-08-19 20:00:00,7.6572127
2021-08-19 21:00:00,8.632472
2021-08-19 22:00:00,9.689826
2021-08-19 23:00:00,11.089853
2021-08-20 00:00:00,12.681204
2021-08-20 01:00:00,1.8074994
2021-08-20 02:00:00,4.4066257
2021-08-20 03:00:00,8.233484
2021-08-20 04:00:00,13.095625
2021-08-20 05:00:00,17.618681
2021-08-20 06:00:00,20.440174
2021-08-20 07:00:00,22.145725
2021-08-20 08:00:00,23.734203
2021-08-20 09:00:00,25.179136
2021-08-20 10:00:00,26.072731
2021-08-20 11:00:00,26.583477
2021-08-20 12:00:00,26.89338
2021-08-20 13:00:00,27.048004
2021-08-20 14:00:00,27.333324
2021-08-20 15:00:00,27.720503
2021-08-20 16:00:00,28.185692
2021-08-20 17:00:00,28.606579
2021-08-20 18:00:00,28.949812
2021-08-20 19:00:00,29.35359
2021-08-20 20:00:00,29.628315
2021-08-20 21:00:00,29.796999
2021-08-20 22:00:00,29.909792
2021-08-20 23:00:00,30.107512
2021-08-21 00:00:00,30.35931
2021-08-21 01:00:00,0.229471
2021-08-21 02:00:00,0.51836497
2021-08-21 03:00:00,0.84017473
2021-08-21 04:00:00,1.2240019
2021-08-21 05:00:00,1.7412534
2021-08-21 06:00:00,2.4423914
2021-08-21 07:00:00,2.9329023
2021-08-21 08:00:00,3.5304387
2021-08-21 09:00:00,4.2790427
2021-08-21 10:00:00,4.7431884
2021-08-21 11:00:00,5.455123
2021-08-21 12:00:00,5.799846
2021-08-21 13:00:00,6.016465
2021-08-21 14:00:00,6.1501675
2021-08-21 15:00:00,6.307461
2021-08-21 16:00:00,6.5177307
2021-08-21 17:00:00,6.6749344
2021-08-21 18:00:00,6.821368
2021-08-21 19:00:00,7.054098
2021-08-21 20:00:00,7.2674317
2021-08-21 21:00:00,7.523423
2021-08-21 22:00:00,7.728573
2021-08-21 23:00:00,7.8889813
2021-08-22 00:00:00,8.055675
2021-08-22 01:00:00,0.1377787
2021-08-22 02:00:00,0.28815562
2021-08-22 03:00:00,0.4401249
2021-08-22 04:00:00,0.62636834
2021-08-22 05:00:00,1.0783854
2021-08-22 06:00:00,1.8706095
2021-08-22 07:00:00,2.574298
2021-08-22 08:00:00,3.2438262
2021-08-22 09:00:00,4.1875
2021-08-22 10:00:00,4.937866
2021-08-22 11:00:00,5.4858794
2021-08-22 12:00:00,5.822803
2021-08-22 13:00:00,5.9932942
2021-08-22 14:00:00,5.998725
2021-08-22 15:00:00,6.003006
2021-08-22 16:00:00,6.0445285
2021-08-22 17:00:00,6.1660366
2021-08-22 18:00:00,6.302962
2021-08-22 19:00:00,6.4058347
2021-08-22 20:00:00,6.5702024
2021-08-22 21:00:00,6.7832203
2021-08-22 22:00:00,6.949546
2021-08-22 23:00:00,7.151822
2021-08-23 00:00:00,7.3894863
2021-08-23 01:00:00,0.17010614
2021-08-23 02:00:00,0.33678383
2021-08-23 03:00:00,0.45993713
2021-08-23 04:00:00,0.68411624
2021-08-23 05:00:00,0.96255046
2021-08-23 06:00:00,1.4601649
2021-08-23 07:00:00,1.9706204
2021-08-23 08:00:00,2.4266202
2021-08-23 09:00:00,3.0672421
2021-08-23 10:00:00,3.866291
2021-08-23 11:00:00,4.2792234
2021-08-23 12:00:00,4.4804664
2021-08-23 13:00:00,4.6344423
2021-08-23 14:00:00,4.831193
2021-08-23 15:00:00,5.0069323
2021-08-23 16:00:00,5.203239
2021-08-23 17:00:00,5.451636
2021-08-23 18:00:00,5.7478194
2021-08-23 19:00:00,6.3564396
2021-08-23 20:00:00,6.864361
2021-08-23 21:00:00,7.398613
2021-08-23 22:00:00,7.869547
2021-08-23 23:00:00,8.400583
2021-08-24 00:00:00,8.953128
2021-08-24 01:00:00,0.6446436
2021-08-24 02:00:00,1.6417377
2021-08-24 03:00:00,2.5718932
2021-08-24 04:00:00,3.5311825
2021-08-24 05:00:00,4.3910108
2021-08-24 06:00:00,5.6208897
2021-08-24 07:00:00,6.4926996
2021-08-24 08:00:00,7.5775313
2021-08-24 09:00:00,8.499866
2021-08-24 10:00:00,9.622986
2021-08-24 11:00:00,10.324648
2021-08-24 12:00:00,10.75765
2021-08-24 13:00:00,10.9091625
2021-08-24 14:00:00,11.076447
2021-08-24 15:00:00,11.309267
2021-08-24 16:00:00,11.503471
2021-08-24 17:00:00,11.805252
2021-08-24 18:00:00,12.154584
2021-08-24 19:00:00,12.766704
2021-08-24 20:00:00,13.394752
2021-08-24 21:00:00,13.839277
2021-08-24 22:00:00,14.413199
2021-08-24 23:00:00,15.014953
2021-08-25 00:00:00,15.575813
2021-08-25 01:00:00,0.5991732
2021-08-25 02:00:00,1.1373348
2021-08-25 03:00:00,1.6614718
2021-08-25 04:00:00,2.0492628
2021-08-25 05:00:00,2.4842367
2021-08-25 06:00:00,2.9083865
2021-08-25 07:00:00,3.3114982
2021-08-25 08:00:00,3.915874
2021-08-25 09:00:00,4.843369
2021-08-25 10:00:00,5.698678
2021-08-25 11:00:00,5.9967456
2021-08-25 12:00:00,6.214664
2021-08-25 13:00:00,6.2712884
2021-08-25 14:00:00,6.377324
2021-08-25 15:00:00,6.651497
2021-08-25 16:00:00,6.9515486
2021-08-25 17:00:00,7.27106
2021-08-25 18:00:00,7.7606525
2021-08-25 19:00:00,8.214626
2021-08-25 20:00:00,8.676149
2021-08-25 21:00:00,9.165058
2021-08-25 22:00:00,9.481597
2021-08-25 23:00:00,9.767565
2021-08-26 00:00:00,10.046091
2021-08-26 01:00:00,0.22591965
2021-08-26 02:00:00,0.49766248
2021-08-26 03:00:00,0.70453554
2021-08-26 04:00:00,0.9242687
2021-08-26 05:00:00,1.1206051
2021-08-26 06:00:00,1.2658397
2021-08-26 07:00:00,1.8229218
2021-08-26 08:00:00,2.366752
2021-08-26 09:00:00,3.0958998
2021-08-26 10:00:00,3.5016046
2021-08-26 11:00:00,3.8025823
2021-08-26 12:00:00,3.9961855
2021-08-26 13:00:00,4.272551
2021-08-26 14:00:00,4.397149
2021-08-26 15:00:00,4.4595194
2021-08-26 16:00:00,4.6814547
2021-08-26 17:00:00,4.9192524
2021-08-26 18:00:00,5.2045975
2021-08-26 19:00:00,5.7417803
2021-08-26 20:00:00,6.5964737
2021-08-26 21:00:00,7.5565577
2021-08-26 22:00:00,8.714588
2021-08-26 23:00:00,9.934334
2021-08-27 00:00:00,11.231056
2021-08-27 01:00:00,1.0040538
2021-08-27 02:00:00,1.4761462
2021-08-27 03:00:00,1.800805
2021-08-27 04:00:00,2.0741956
2021-08-27 05:00:00,2.3035178
2021-08-27 06:00:00,2.664614
2021-08-27 07:00:00,3.7476554
2021-08-27 08:00:00,5.1430736
2021-08-27 09:00:00,6.5661263
2021-08-27 10:00:00,8.9149685
2021-08-27 11:00:00,10.223862
2021-08-27 12:00:00,11.345863
2021-08-27 13:00:00,12.126322
2021-08-27 14:00:00,12.609098
2021-08-27 15:00:00,12.913368
2021-08-27 16:00:00,13.265904
2021-08-27 17:00:00,14.054168
2021-08-27 18:00:00,15.404039
2021-08-27 19:00:00,16.574146
2021-08-27 20:00:00,18.895596
2021-08-27 21:00:00,20.942287
2021-08-27 22:00:00,23.598751
2021-08-27 23:00:00,27.119774
2021-08-28 00:00:00,32.268585
2021-08-28 01:00:00,5.8558807
2021-08-28 02:00:00,11.880174
2021-08-28 03:00:00,17.81831
2021-08-28 04:00:00,23.157106
2021-08-28 05:00:00,27.655043
2021-08-28 06:00:00,31.487522
2021-08-28 07:00:00,34.702324
2021-08-28 08:00:00,38.1053
2021-08-28 09:00:00,40.728764
2021-08-28 10:00:00,42.714653
2021-08-28 11:00:00,44.065235
2021-08-28 12:00:00,44.820404
2021-08-28 13:00:00,45.444683
2021-08-28 14:00:00,45.816643
2021-08-28 15:00:00,46.07554
2021-08-28 16:00:00,46.274338
2021-08-28 17:00:00,46.561516
2021-08-28 18:00:00,46.892708
2021-08-28 19:00:00,47.85727
2021-08-28 20:00:00,49.446106
2021-08-28 21:00:00,51.335815
2021-08-28 22:00:00,53.39692
2021-08-28 23:00:00,55.32641
2021-08-29 00:00:00,57.220573
2021-08-29 01:00:00,1.7561281
2021-08-29 02:00:00,3.2094398
2021-08-29 03:00:00,4.550192
2021-08-29 04:00:00,5.987942
2021-08-29 05:00:00,7.6325808
2021-08-29 06:00:00,9.022621
2021-08-29 07:00:00,9.658169
2021-08-29 08:00:00,10.241247
2021-08-29 09:00:00,10.662104
2021-08-29 10:00:00,10.96357
2021-08-29 11:00:00,11.353952
2021-08-29 12:00:00,11.778839
2021-08-29 13:00:00,12.121193
2021-08-29 14:00:00,12.312886
2021-08-29 15:00:00,12.51524
2021-08-29 16:00:00,12.799077
2021-08-29 17:00:00,13.220673
2021-08-29 18:00:00,13.777367
2021-08-29 19:00:00,13.85659
2021-08-29 20:00:00,13.940403
2021-08-29 21:00:00,14.002733
2021-08-29 22:00:00,14.039029
2021-08-29 23:00:00,14.059128
2021-08-30 00:00:00,14.068751
2021-08-30 01:00:00,0.009323383
2021-08-30 02:00:00,0.019142695
2021-08-30 03:00:00,0.036780957
2021-08-30 04:00:00,0.062153324
2021-08-30 05:00:00,0.12815604
2021-08-30 06:00:00,0.29507232
2021-08-30 07:00:00,0.6695252
2021-08-30 08:00:00,1.2273834
2021-08-30 09:00:00,1.6858051
2021-08-30 10:00:00,2.217287
2021-08-30 11:00:00,2.544053
2021-08-30 12:00:00,2.6500611
2021-08-30 13:00:00,2.6933198
2021-08-30 14:00:00,2.7521434
2021-08-30 15:00:00,3.0434256
2021-08-30 16:00:00,3.1915672
2021-08-30 17:00:00,3.2372136
2021-08-30 18:00:00,3.2604146
2021-08-30 19:00:00,3.3017416
2021-08-30 20:00:00,3.3992167
2021-08-30 21:00:00,3.425744
2021-08-30 22:00:00,3.4982147
2021-08-30 23:00:00,3.5463693
2021-08-31 00:00:00,3.6066172
2021-08-31 01:00:00,0.034260534
2021-08-31 02:00:00,0.04983903
2021-08-31 03:00:00,0.05927659
2021-08-31 04:00:00,0.07313525
2021-08-31 05:00:00,0.13369787
2021-08-31 06:00:00,0.24246705
2021-08-31 07:00:00,0.63135886
2021-08-31 08:00:00,1.4290485
2021-08-31 09:00:00,2.3969803
2021-08-31 10:00:00,3.835719
2021-08-31 11:00:00,4.5904055
2021-08-31 12:00:00,5.025635
2021-08-31 13:00:00,5.2597337
2021-08-31 14:00:00,5.4705906
2021-08-31 15:00:00,5.5279374
2021-08-31 16:00:00,5.6783333
2021-08-31 17:00:00,5.9054074
2021-08-31 18:00:00,6.2755804
2021-08-31 19:00:00,6.396019
2021-08-31 20:00:00,6.665084
2021-08-31 21:00:00,7.276331
2021-08-31 22:00:00,8.005417
2021-08-31 23:00:00,8.96286
2021-09-01 00:00:00,9.911871
2021-09-01 01:00:00,1.0651999
2021-09-01 02:00:00,2.0150056
2021-09-01 03:00:00,2.883366
2021-09-01 04:00:00,3.8812227
2021-09-01 05:00:00,4.828331
2021-09-01 06:00:00,5.869872
2021-09-01 07:00:00,6.7000256
2021-09-01 08:00:00,7.69333
2021-09-01 09:00:00,8.9450245
2021-09-01 10:00:00,9.779324
2021-09-01 11:00:00,10.559245
2021-09-01 12:00:00,11.103231
2021-09-01 13:00:00,11.542769
2021-09-01 14:00:00,12.013184
2021-09-01 15:00:00,12.363398
2021-09-01 16:00:00,12.66561
2021-09-01 17:00:00,13.022833
2021-09-01 18:00:00,13.561476
2021-09-01 19:00:00,14.022326
2021-09-01 20:00:00,14.517519
2021-09-01 21:00:00,15.098894
2021-09-01 22:00:00,15.753461
2021-09-01 23:00:00,16.284475
2021-09-02 00:00:00,16.922028
2021-09-02 01:00:00,0.61439717
2021-09-02 02:00:00,1.1288675
2021-09-02 03:00:00,1.474536
2021-09-02 04:00:00,1.7181644
2021-09-02 05:00:00,1.9438741
2021-09-02 06:00:00,2.2698588
2021-09-02 07:00:00,2.4985752
2021-09-02 08:00:00,2.8073678
2021-09-02 09:00:00,3.7299042
2021-09-02 10:00:00,4.405924
2021-09-02 11:00:00,4.8511477
2021-09-02 12:00:00,5.0411105
2021-09-02 13:00:00,5.0833898
2021-09-02 14:00:00,5.0902796
2021-09-02 15:00:00,5.098787
2021-09-02 16:00:00,5.1207604
2021-09-02 17:00:00,5.306217
2021-09-02 18:00:00,5.342003
2021-09-02 19:00:00,5.362588
2021-09-02 20:00:00,5.3760757
2021-09-02 21:00:00,5.381482
2021-09-02 22:00:00,5.3930464
2021-09-02 23:00:00,5.413274
2021-09-03 00:00:00,5.424294
2021-09-03 01:00:00,0.0025685877
2021-09-03 02:00:00,0.004195259
2021-09-03 03:00:00,0.0054977136
2021-09-03 04:00:00,0.010863761
2021-09-03 05:00:00,0.072189376
2021-09-03 06:00:00,0.3166611
2021-09-03 07:00:00,0.72306615
2021-09-03 08:00:00,1.1337821
2021-09-03 09:00:00,1.468803
2021-09-03 10:00:00,1.913352
2021-09-03 11:00:00,2.4975429
2021-09-03 12:00:00,2.9935224
2021-09-03 13:00:00,3.170886
2021-09-03 14:00:00,3.259674
2021-09-03 15:00:00,3.4185443
2021-09-03 16:00:00,3.601295
2021-09-03 17:00:00,3.7276113
2021-09-03 18:00:00,3.848156
2021-09-03 19:00:00,3.8648565
2021-09-03 20:00:00,3.8710306
2021-09-03 21:00:00,3.8736873
2021-09-03 22:00:00,3.874774
2021-09-03 23:00:00,3.8752875
2021-09-04 00:00:00,3.875989
2021-09-04 01:00:00,0.003577181
2021-09-04 02:00:00,0.021138344
2021-09-04 03:00:00,0.052145567
2021-09-04 04:00:00,0.08935016
2021-09-04 05:00:00,0.27787465
2021-09-04 06:00:00,0.962199
2021-09-04 07:00:00,1.4439987
2021-09-04 08:00:00,1.8248584
2021-09-04 09:00:00,2.2606661
2021-09-04 10:00:00,2.82541
2021-09-04 11:00:00,3.1736345
2021-09-04 12:00:00,3.293564
2021-09-04 13:00:00,3.3407745
2021-09-04 14:00:00,3.3627152
2021-09-04 15:00:00,3.3706398
2021-09-04 16:00:00,3.3758626
2021-09-04 17:00:00,3.378289
2021-09-04 18:00:00,3.3867717
2021-09-04 19:00:00,3.459651
2021-09-04 20:00:00,3.506469
2021-09-04 21:00:00,3.5372415
2021-09-04 22:00:00,3.5753894
2021-09-04 23:00:00,3.6092067
2021-09-05 00:00:00,3.6255448
2021-09-05 01:00:00,0.016754609
2021-09-05 02:00:00,0.033659045
2021-09-05 03:00:00,0.07225335
2021-09-05 04:00:00,0.32460994
2021-09-05 05:00:00,0.48387957
2021-09-05 06:00:00,0.7842577
2021-09-05 07:00:00,1.3645986
2021-09-05 08:00:00,1.7680287
2021-09-05 09:00:00,2.4710152
2021-09-05 10:00:00,2.994728
2021-09-05 11:00:00,3.4086602
2021-09-05 12:00:00,3.5076084
2021-09-05 13:00:00,3.5589337
2021-09-05 14:00:00,3.5694594
2021-09-05 15:00:00,3.5704632
2021-09-05 16:00:00,3.5706344
2021-09-05 17:00:00,3.572454
2021-09-05 18:00:00,3.6357408
2021-09-05 19:00:00,3.7284336
2021-09-05 20:00:00,3.813216
2021-09-05 21:00:00,3.9699485
2021-09-05 22:00:00,4.0883174
2021-09-05 23:00:00,4.2472515
2021-09-06 00:00:00,4.463006
2021-09-06 01:00:00,0.22217436
2021-09-06 02:00:00,0.34928268
2021-09-06 03:00:00,0.4377712
2021-09-06 04:00:00,0.5655322
2021-09-06 05:00:00,0.65927637
2021-09-06 06:00:00,0.86275315
2021-09-06 07:00:00,1.156582
2021-09-06 08:00:00,1.475286
2021-09-06 09:00:00,1.9329808
2021-09-06 10:00:00,2.5528357
2021-09-06 11:00:00,2.941911
2021-09-06 12:00:00,3.0660362
2021-09-06 13:00:00,3.099331
2021-09-06 14:00:00,3.1022086
2021-09-06 15:00:00,3.1033316
2021-09-06 16:00:00,3.1270814
2021-09-06 17:00:00,3.1432223
2021-09-06 18:00:00,3.2395058
2021-09-06 19:00:00,3.8754654
2021-09-06 20:00:00,4.847908
2021-09-06 21:00:00,6.7200184
2021-09-06 22:00:00,7.758309
2021-09-06 23:00:00,8.706648
2021-09-07 00:00:00,9.336166
2021-09-07 01:00:00,0.66338265
2021-09-07 02:00:00,1.5321739
2021-09-07 03:00:00,2.3555944
2021-09-07 04:00:00,3.2471
2021-09-07 05:00:00,4.5056696
2021-09-07 06:00:00,5.560981
2021-09-07 07:00:00,6.6292334
2021-09-07 08:00:00,8.15493
2021-09-07 09:00:00,9.245017
2021-09-07 10:00:00,10.315688
2021-09-07 11:00:00,11.418793
2021-09-07 12:00:00,11.806553
2021-09-07 13:00:00,12.02062
2021-09-07 14:00:00,12.190268
2021-09-07 15:00:00,12.308377
2021-09-07 16:00:00,12.3373165
2021-09-07 17:00:00,12.533057
2021-09-07 18:00:00,12.912893
2021-09-07 19:00:00,13.824598
2021-09-07 20:00:00,14.972334
2021-09-07 21:00:00,16.495928
2021-09-07 22:00:00,18.034086
2021-09-07 23:00:00,19.404982
2021-09-08 00:00:00,21.49026
2021-09-08 01:00:00,2.9642243
2021-09-08 02:00:00,5.3747063
2021-09-08 03:00:00,7.494101
2021-09-08 04:00:00,9.524979
2021-09-08 05:00:00,11.288854
2021-09-08 06:00:00,12.745115
2021-09-08 07:00:00,14.154844
2021-09-08 08:00:00,15.129312
2021-09-08 09:00:00,15.854086
2021-09-08 10:00:00,16.25407
2021-09-08 11:00:00,16.488277
2021-09-08 12:00:00,16.640755
2021-09-08 13:00:00,16.72638
2021-09-08 14:00:00,16.810205
2021-09-08 15:00:00,16.909534
2021-09-08 16:00:00,17.00368
2021-09-08 17:00:00,17.172659
2021-09-08 18:00:00,17.378136
2021-09-08 19:00:00,17.516525
2021-09-08 20:00:00,17.604317
2021-09-08 21:00:00,17.824705
2021-09-08 22:00:00,17.97641
2021-09-08 23:00:00,18.040003
2021-09-09 00:00:00,18.055836
2021-09-09 01:00:00,0.010206888
2021-09-09 02:00:00,0.027254514
2021-09-09 03:00:00,0.06239745
2021-09-09 04:00:00,0.15709317
2021-09-09 05:00:00,0.34281808
2021-09-09 06:00:00,0.593063
2021-09-09 07:00:00,1.3075056
2021-09-09 08:00:00,2.1708708
2021-09-09 09:00:00,2.8321145
2021-09-09 10:00:00,3.8403215
2021-09-09 11:00:00,4.4426565
2021-09-09 12:00:00,4.589017
2021-09-09 13:00:00,4.7099414
2021-09-09 14:00:00,4.8601456
2021-09-09 15:00:00,4.911891
2021-09-09 16:00:00,4.930148
2021-09-09 17:00:00,4.9892015
2021-09-09 18:00:00,5.1707273
2021-09-09 19:00:00,5.8612404
2021-09-09 20:00:00,6.1939907
2021-09-09 21:00:00,6.4495564
2021-09-09 22:00:00,6.5671186
2021-09-09 23:00:00,6.657736
2021-09-10 00:00:00,6.689349
2021-09-10 01:00:00,0.014343533
2021-09-10 02:00:00,0.027147528
2021-09-10 03:00:00,0.106031656
2021-09-10 04:00:00,0.5165464
2021-09-10 05:00:00,1.0790551
2021-09-10 06:00:00,1.7716014
2021-09-10 07:00:00,2.7341917
2021-09-10 08:00:00,3.6168659
2021-09-10 09:00:00,4.3273034
2021-09-10 10:00:00,4.851786
2021-09-10 11:00:00,5.340437
2021-09-10 12:00:00,5.5831127
2021-09-10 13:00:00,5.9571238
2021-09-10 14:00:00,6.343526
2021-09-10 15:00:00,6.4669485
2021-09-10 16:00:00,6.4909773
2021-09-10 17:00:00,6.530024
2021-09-10 18:00:00,6.644807
2021-09-10 19:00:00,6.8758845
2021-09-10 20:00:00,7.222868
2021-09-10 21:00:00,7.635729
2021-09-10 22:00:00,8.034411
2021-09-10 23:00:00,8.342867
2021-09-11 00:00:00,8.613644
2021-09-11 01:00:00,0.1512025
2021-09-11 02:00:00,0.22017905
2021-09-11 03:00:00,0.32895327
2021-09-11 04:00:00,0.6077639
2021-09-11 05:00:00,1.2261629
2021-09-11 06:00:00,1.8213753
2021-09-11 07:00:00,2.526954
2021-09-11 08:00:00,2.9166677
2021-09-11 09:00:00,3.6120234
2021-09-11 10:00:00,3.9806104
2021-09-11 11:00:00,4.209632
2021-09-11 12:00:00,4.3437777
2021-09-11 13:00:00,4.554607
2021-09-11 14:00:00,4.6312046
2021-09-11 15:00:00,4.6658993
2021-09-11 16:00:00,4.6993756
2021-09-11 17:00:00,4.747871
2021-09-11 18:00:00,4.855932
2021-09-11 19:00:00,5.1709113
2021-09-11 20:00:00,5.574781
2021-09-11 21:00:00,6.161503
2021-09-11 22:00:00,6.7441673
2021-09-11 23:00:00,7.167453
2021-09-12 00:00:00,7.47632
2021-09-12 01:00:00,0.22451653
2021-09-12 02:00:00,0.40180212
2021-09-12 03:00:00,0.59962726
2021-09-12 04:00:00,0.84029984
2021-09-12 05:00:00,1.2208418
2021-09-12 06:00:00,1.7055148
2021-09-12 07:00:00,2.3083827
2021-09-12 08:00:00,2.9130783
2021-09-12 09:00:00,3.5225947
2021-09-12 10:00:00,3.9056566
2021-09-12 11:00:00,4.140213
2021-09-12 12:00:00,4.2535973
2021-09-12 13:00:00,4.306919
2021-09-12 14:00:00,4.3796005
2021-09-12 15:00:00,4.5012655
2021-09-12 16:00:00,4.6587257
2021-09-12 17:00:00,4.865958
2021-09-12 18:00:00,5.1718907
2021-09-12 19:00:00,5.569747
2021-09-12 20:00:00,5.946903
2021-09-12 21:00:00,6.355194
2021-09-12 22:00:00,6.731823
2021-09-12 23:00:00,7.1040583
2021-09-13 00:00:00,7.406736
2021-09-13 01:00:00,0.35054153
2021-09-13 02:00:00,0.65566087
2021-09-13 03:00:00,0.93365467
2021-09-13 04:00:00,1.2350235
2021-09-13 05:00:00,1.6984196
2021-09-13 06:00:00,2.3545897
2021-09-13 07:00:00,2.968686
2021-09-13 08:00:00,3.380273
2021-09-13 09:00:00,4.178581
2021-09-13 10:00:00,5.547107
2021-09-13 11:00:00,6.210846
2021-09-13 12:00:00,6.521598
2021-09-13 13:00:00,6.687793
2021-09-13 14:00:00,6.773797
2021-09-13 15:00:00,7.073885
2021-09-13 16:00:00,7.9499
2021-09-13 17:00:00,8.514294
2021-09-13 18:00:00,9.018937
2021-09-13 19:00:00,9.775611
2021-09-13 20:00:00,10.611885
2021-09-13 21:00:00,11.551462
2021-09-13 22:00:00,12.527807
2021-09-13 23:00:00,13.593273
2021-09-14 00:00:00,14.44308
2021-09-14 01:00:00,0.7728735
2021-09-14 02:00:00,1.2981639
2021-09-14 03:00:00,1.810017
2021-09-14 04:00:00,2.2200255
2021-09-14 05:00:00,2.98699
2021-09-14 06:00:00,3.6381679
2021-09-14 07:00:00,4.105483
2021-09-14 08:00:00,4.4938912
2021-09-14 09:00:00,4.79922
2021-09-14 10:00:00,4.9535904
2021-09-14 11:00:00,5.156186
2021-09-14 12:00:00,5.204542
2021-09-14 13:00:00,5.2485976
2021-09-14 14:00:00,5.2708745
2021-09-14 15:00:00,5.309647
2021-09-14 16:00:00,5.357136
2021-09-14 17:00:00,5.4206347
2021-09-14 18:00:00,5.49669
2021-09-14 19:00:00,5.714142
2021-09-14 20:00:00,5.853086
2021-09-14 21:00:00,5.93528
2021-09-14 22:00:00,6.086507
2021-09-14 23:00:00,6.1120896
2021-09-15 00:00:00,6.1155386
2021-09-15 01:00:00,0.0016132835
2021-09-15 02:00:00,0.0032457756
2021-09-15 03:00:00,0.0051678508
2021-09-15 04:00:00,0.014523743
2021-09-15 05:00:00,0.08537225
2021-09-15 06:00:00,0.23547572
2021-09-15 07:00:00,0.43501726
2021-09-15 08:00:00,0.6306075
2021-09-15 09:00:00,1.3878953
2021-09-15 10:00:00,1.7136402
2021-09-15 11:00:00,2.1098804
2021-09-15 12:00:00,2.52994
2021-09-15 13:00:00,2.8035536
2021-09-15 14:00:00,2.9242146
2021-09-15 15:00:00,3.1672912
2021-09-15 16:00:00,3.343627
2021-09-15 17:00:00,3.6287122
2021-09-15 18:00:00,3.9312348
2021-09-15 19:00:00,4.4908085
2021-09-15 20:00:00,5.0338273
2021-09-15 21:00:00,5.461034
2021-09-15 22:00:00,5.958576
2021-09-15 23:00:00,6.3562064
2021-09-16 00:00:00,6.834337
2021-09-16 01:00:00,0.22907649
2021-09-16 02:00:00,0.41300035
2021-09-16 03:00:00,0.61342317
2021-09-16 04:00:00,0.76525456
2021-09-16 05:00:00,0.9148739
2021-09-16 06:00:00,1.0563077
2021-09-16 07:00:00,1.6458447
2021-09-16 08:00:00,2.181611
2021-09-16 09:00:00,2.8721008
2021-09-16 10:00:00,3.556134
2021-09-16 11:00:00,4.217266
2021-09-16 12:00:00,4.636995
2021-09-16 13:00:00,4.865061
2021-09-16 14:00:00,5.0224266
2021-09-16 15:00:00,5.1997156
2021-09-16 16:00:00,5.369234
2021-09-16 17:00:00,5.583938
2021-09-16 18:00:00,5.8409977
2021-09-16 19:00:00,6.2020826
2021-09-16 20:00:00,6.6186213
2021-09-16 21:00:00,6.967447
2021-09-16 22:00:00,7.3368797
2021-09-16 23:00:00,7.6255198
2021-09-17 00:00:00,7.818689
2021-09-17 01:00:00,0.11558819
2021-09-17 02:00:00,0.24683022
2021-09-17 03:00:00,0.35736954
2021-09-17 04:00:00,0.46724135
2021-09-17 05:00:00,0.5652891
2021-09-17 06:00:00,0.7186063
2021-09-17 07:00:00,1.0845886
2021-09-17 08:00:00,1.5199511
2021-09-17 09:00:00,1.8374937
2021-09-17 10:00:00,2.0313022
2021-09-17 11:00:00,2.116358
2021-09-17 12:00:00,2.1553912
2021-09-17 13:00:00,2.162323
2021-09-17 14:00:00,2.1689565
2021-09-17 15:00:00,2.174554
2021-09-17 16:00:00,2.186099
2021-09-17 17:00:00,2.2073364
2021-09-17 18:00:00,2.243661
2021-09-17 19:00:00,2.2533169
2021-09-17 20:00:00,2.2612224
2021-09-17 21:00:00,2.2782803
2021-09-17 22:00:00,2.2797244
2021-09-17 23:00:00,2.2803395
2021-09-18 00:00:00,2.28127
2021-09-18 01:00:00,0.0006852497
2021-09-18 02:00:00,0.00068638474
2021-09-18 03:00:00,0.0006860355
2021-09-18 04:00:00,0.0006860355
2021-09-18 05:00:00,0.0007491326
2021-09-18 06:00:00,0.009580981
2021-09-18 07:00:00,0.054493546
2021-09-18 08:00:00,0.11006463
2021-09-18 09:00:00,0.18089102
2021-09-18 10:00:00,0.2527621
2021-09-18 11:00:00,0.3516569
2021-09-18 12:00:00,0.39767522
2021-09-18 13:00:00,0.40042216
2021-09-18 14:00:00,0.40064824
2021-09-18 15:00:00,0.40077257
2021-09-18 16:00:00,0.40191644
2021-09-18 17:00:00,0.40809578
2021-09-18 18:00:00,0.4203557
2021-09-18 19:00:00,0.4569828
2021-09-18 20:00:00,0.50048065
2021-09-18 21:00:00,0.5157902
2021-09-18 22:00:00,0.53091204
2021-09-18 23:00:00,0.5361922
2021-09-19 00:00:00,0.5376837
2021-09-19 01:00:00,0.00010718941
2021-09-19 02:00:00,0.0003085006
2021-09-19 03:00:00,0.029130954
2021-09-19 04:00:00,0.048998393
2021-09-19 05:00:00,0.11159702
2021-09-19 06:00:00,0.27990735
2021-09-19 07:00:00,0.51946795
2021-09-19 08:00:00,0.90281093
2021-09-19 09:00:00,1.6012366
2021-09-19 10:00:00,2.3632033
2021-09-19 11:00:00,2.708731
2021-09-19 12:00:00,2.865042
2021-09-19 13:00:00,2.8775058
2021-09-19 14:00:00,2.8781092
2021-09-19 15:00:00,2.8781166
2021-09-19 16:00:00,2.9150317
2021-09-19 17:00:00,3.106486
2021-09-19 18:00:00,3.2507343
2021-09-19 19:00:00,3.9564128
2021-09-19 20:00:00,5.5063586
2021-09-19 21:00:00,7.2739873
2021-09-19 22:00:00,8.851311
2021-09-19 23:00:00,10.308631
2021-09-20 00:00:00,11.738201
2021-09-20 01:00:00,1.5969546
2021-09-20 02:00:00,3.6284857
2021-09-20 03:00:00,5.210348
2021-09-20 04:00:00,6.2548847
2021-09-20 05:00:00,6.8928957
2021-09-20 06:00:00,7.2825775
2021-09-20 07:00:00,7.909617
2021-09-20 08:00:00,8.45085
2021-09-20 09:00:00,10.039978
2021-09-20 10:00:00,11.300938
2021-09-20 11:00:00,11.9931755
2021-09-20 12:00:00,12.3468895
2021-09-20 13:00:00,12.383252
2021-09-20 14:00:00,12.387314
2021-09-20 15:00:00,12.397499
2021-09-20 16:00:00,12.415329
2021-09-20 17:00:00,12.5085125
2021-09-20 18:00:00,12.922999
2021-09-20 19:00:00,13.429533
2021-09-20 20:00:00,13.87534
2021-09-20 21:00:00,14.609902
2021-09-20 22:00:00,15.498159
2021-09-20 23:00:00,16.402939
2021-09-21 00:00:00,17.213474
2021-09-21 01:00:00,0.75858974
2021-09-21 02:00:00,1.4920394
2021-09-21 03:00:00,2.5783613
2021-09-21 04:00:00,3.5434477
2021-09-21 05:00:00,4.555016
2021-09-21 06:00:00,5.714924
2021-09-21 07:00:00,6.2238913
2021-09-21 08:00:00,6.965418
2021-09-21 09:00:00,7.8590736
2021-09-21 10:00:00,8.848708
2021-09-21 11:00:00,9.226769
2021-09-21 12:00:00,9.376404
2021-09-21 13:00:00,9.414122
2021-09-21 14:00:00,9.43739
2021-09-21 15:00:00,9.463739
2021-09-21 16:00:00,9.495829
2021-09-21 17:00:00,9.535408
2021-09-21 18:00:00,9.620962
2021-09-21 19:00:00,9.73871
2021-09-21 20:00:00,9.838646
2021-09-21 21:00:00,10.088807
2021-09-21 22:00:00,10.296444
2021-09-21 23:00:00,10.426227
2021-09-22 00:00:00,10.496407
2021-09-22 01:00:00,0.058679555
2021-09-22 02:00:00,0.10912341
2021-09-22 03:00:00,0.13733461
2021-09-22 04:00:00,0.16324396
2021-09-22 05:00:00,0.29978704
2021-09-22 06:00:00,0.5759094
2021-09-22 07:00:00,1.3254775
2021-09-22 08:00:00,2.0412645
2021-09-22 09:00:00,2.6634064
2021-09-22 10:00:00,3.0842552
2021-09-22 11:00:00,3.6014452
2021-09-22 12:00:00,3.909592
2021-09-22 13:00:00,4.1979685
2021-09-22 14:00:00,4.4307084
2021-09-22 15:00:00,4.6705766
2021-09-22 16:00:00,4.9576006
2021-09-22 17:00:00,5.3386507
2021-09-22 18:00:00,5.9411087
2021-09-22 19:00:00,6.823757
2021-09-22 20:00:00,7.6418924
2021-09-22 21:00:00,8.343257
2021-09-22 22:00:00,8.861168
2021-09-22 23:00:00,9.226355
2021-09-23 00:00:00,9.476437
2021-09-23 01:00:00,0.124853976
2021-09-23 02:00:00,0.20719773
2021-09-23 03:00:00,0.32576558
2021-09-23 04:00:00,0.57485247
2021-09-23 05:00:00,1.021927
2021-09-23 06:00:00,1.8184738
2021-09-23 07:00:00,2.617711
2021-09-23 08:00:00,3.344895
2021-09-23 09:00:00,3.9685786
2021-09-23 10:00:00,4.7232137
2021-09-23 11:00:00,4.9934025
2021-09-23 12:00:00,5.1133747
2021-09-23 13:00:00,5.154417
2021-09-23 14:00:00,5.162206
2021-09-23 15:00:00,5.1649036
2021-09-23 16:00:00,5.172636
2021-09-23 17:00:00,5.31052
2021-09-23 18:00:00,5.5615335
2021-09-23 19:00:00,6.339316
2021-09-23 20:00:00,7.166902
2021-09-23 21:00:00,7.9523716
2021-09-23 22:00:00,8.491147
2021-09-23 23:00:00,8.79007
2021-09-24 00:00:00,9.029951
2021-09-24 01:00:00,0.21502465
2021-09-24 02:00:00,0.35506082
2021-09-24 03:00:00,0.4956089
2021-09-24 04:00:00,0.6376524
2021-09-24 05:00:00,0.79544103
2021-09-24 06:00:00,1.0895306
2021-09-24 07:00:00,1.4463654
2021-09-24 08:00:00,2.1715674
2021-09-24 09:00:00,3.0335424
2021-09-24 10:00:00,3.488539
2021-09-24 11:00:00,3.7876987
2021-09-24 12:00:00,3.9586835
2021-09-24 13:00:00,4.042426
2021-09-24 14:00:00,4.0573826
2021-09-24 15:00:00,4.0626526
2021-09-24 16:00:00,4.0788045
2021-09-24 17:00:00,4.094122
2021-09-24 18:00:00,4.112356
2021-09-24 19:00:00,4.1645527
2021-09-24 20:00:00,4.2452197
2021-09-24 21:00:00,4.2972364
2021-09-24 22:00:00,4.309778
2021-09-24 23:00:00,4.3106165
2021-09-25 00:00:00,4.3111053
2021-09-25 01:00:00,0.00014749821
2021-09-25 02:00:00,0.00042218016
2021-09-25 03:00:00,0.0071862596
2021-09-25 04:00:00,0.046498954
2021-09-25 05:00:00,0.13423653
2021-09-25 06:00:00,0.24135877
2021-09-25 07:00:00,0.35204387
2021-09-25 08:00:00,0.5422981
2021-09-25 09:00:00,0.88447595
2021-09-25 10:00:00,1.546468
2021-09-25 11:00:00,1.7719133
2021-09-25 12:00:00,2.0603209
2021-09-25 13:00:00,2.322476
2021-09-25 14:00:00,2.523601
2021-09-25 15:00:00,2.6752954
2021-09-25 16:00:00,2.9256635
2021-09-25 17:00:00,3.2156906
2021-09-25 18:00:00,3.742021
2021-09-25 19:00:00,3.9362102
2021-09-25 20:00:00,4.110175
2021-09-25 21:00:00,4.55455
2021-09-25 22:00:00,4.6055026
2021-09-25 23:00:00,4.6163826
2021-09-26 00:00:00,4.6197834
2021-09-26 01:00:00,0.004069414
2021-09-26 02:00:00,0.008294882
2021-09-26 03:00:00,0.012425066
2021-09-26 04:00:00,0.03122259
2021-09-26 05:00:00,0.11403963
2021-09-26 06:00:00,0.32958215
2021-09-26 07:00:00,0.8148429
2021-09-26 08:00:00,1.1848488
2021-09-26 09:00:00,1.6974071
2021-09-26 10:00:00,2.4078918
2021-09-26 11:00:00,3.0599694
2021-09-26 12:00:00,3.742033
2021-09-26 13:00:00,4.463432
2021-09-26 14:00:00,4.6302896
2021-09-26 15:00:00,4.6330457
2021-09-26 16:00:00,4.6480904
2021-09-26 17:00:00,4.6971607
2021-09-26 18:00:00,4.9851694
2021-09-26 19:00:00,5.298293
2021-09-26 20:00:00,5.544922
2021-09-26 21:00:00,5.8951855
2021-09-26 22:00:00,6.144169
2021-09-26 23:00:00,6.4673305
2021-09-27 00:00:00,6.591922
2021-09-27 01:00:00,0.03421289
2021-09-27 02:00:00,0.042913828
2021-09-27 03:00:00,0.043741077
2021-09-27 04:00:00,0.052199
2021-09-27 05:00:00,0.09079091
2021-09-27 06:00:00,0.20188814
2021-09-27 07:00:00,0.35236472
2021-09-27 08:00:00,0.7358254
2021-09-27 09:00:00,1.0356779
2021-09-27 10:00:00,1.5664494
2021-09-27 11:00:00,2.367956
2021-09-27 12:00:00,2.6943917
2021-09-27 13:00:00,2.7871423
2021-09-27 14:00:00,2.7913074
2021-09-27 15:00:00,2.8067398
2021-09-27 16:00:00,2.8253098
2021-09-27 17:00:00,2.8522863
2021-09-27 18:00:00,2.9238734
2021-09-27 19:00:00,3.135663
2021-09-27 20:00:00,3.2671075
2021-09-27 21:00:00,3.2953346
2021-09-27 22:00:00,3.3047924
2021-09-27 23:00:00,3.3060231
2021-09-28 00:00:00,3.306737
2021-09-28 01:00:00,0.0005386828
2021-09-28 02:00:00,0.0010576332
2021-09-28 03:00:00,0.0012679957
2021-09-28 04:00:00,0.040642217
2021-09-28 05:00:00,0.18682215
2021-09-28 06:00:00,0.44552994
2021-09-28 07:00:00,1.0403581
2021-09-28 08:00:00,1.8999436
2021-09-28 09:00:00,3.3706875
2021-09-28 10:00:00,4.3190312
2021-09-28 11:00:00,4.730666
2021-09-28 12:00:00,4.8423867
2021-09-28 13:00:00,4.8463902
2021-09-28 14:00:00,4.8473134
2021-09-28 15:00:00,4.8476315
2021-09-28 16:00:00,4.8481503
2021-09-28 17:00:00,4.849632
2021-09-28 18:00:00,4.8508167
2021-09-28 19:00:00,5.099491
2021-09-28 20:00:00,5.115121
2021-09-28 21:00:00,5.125
2021-09-28 22:00:00,5.1261673
2021-09-28 23:00:00,5.127365
2021-09-29 00:00:00,5.1278477
2021-09-29 01:00:00,0.0003478781
2021-09-29 02:00:00,0.00059977174
2021-09-29 03:00:00,0.0009236974
2021-09-29 04:00:00,0.025200773
2021-09-29 05:00:00,0.1654107
2021-09-29 06:00:00,0.33128846
2021-09-29 07:00:00,0.6560583
2021-09-29 08:00:00,1.0793209
2021-09-29 09:00:00,2.0438504
2021-09-29 10:00:00,2.6943052
2021-09-29 11:00:00,3.1491678
2021-09-29 12:00:00,3.2605948
2021-09-29 13:00:00,3.2916355
2021-09-29 14:00:00,3.302498
2021-09-29 15:00:00,3.3030922
2021-09-29 16:00:00,3.3031762
2021-09-29 17:00:00,3.3124826
2021-09-29 18:00:00,3.3798668
2021-09-29 19:00:00,3.424533
2021-09-29 20:00:00,3.4376163
2021-09-29 21:00:00,3.4459248
2021-09-29 22:00:00,3.4539752
2021-09-29 23:00:00,3.4560986
2021-09-30 00:00:00,3.4575422
2021-09-30 01:00:00,0.00066903885
2021-09-30 02:00:00,0.0019349391
2021-09-30 03:00:00,0.02305524
2021-09-30 04:00:00,0.06019301
2021-09-30 05:00:00,0.16163138
2021-09-30 06:00:00,0.3341092
2021-09-30 07:00:00,0.7129719
2021-09-30 08:00:00,1.8082366
2021-09-30 09:00:00,2.4470062
2021-09-30 10:00:00,3.1297307
2021-09-30 11:00:00,4.0264025
2021-09-30 12:00:00,4.3355565
2021-09-30 13:00:00,4.3596964
2021-09-30 14:00:00,4.363102
2021-09-30 15:00:00,4.363579
2021-09-30 16:00:00,4.3648596
2021-09-30 17:00:00,4.3760834
2021-09-30 18:00:00,4.4025807
2021-09-30 19:00:00,4.5930924
2021-09-30 20:00:00,4.8519588
2021-09-30 21:00:00,5.046547
2021-09-30 22:00:00,5.2880917
2021-09-30 23:00:00,5.4339466
2021-10-01 00:00:00,5.526703
2021-10-01 01:00:00,0.045279477
2021-10-01 02:00:00,0.08543662
2021-10-01 03:00:00,0.12178172
2021-10-01 04:00:00,0.16836253
2021-10-01 05:00:00,0.3545575
2021-10-01 06:00:00,0.7356397
2021-10-01 07:00:00,1.4053615
2021-10-01 08:00:00,2.4053144
2021-10-01 09:00:00,3.9903097
2021-10-01 10:00:00,4.9606786
2021-10-01 11:00:00,5.3639154
2021-10-01 12:00:00,5.4325995
2021-10-01 13:00:00,5.4424067
2021-10-01 14:00:00,5.448154
2021-10-01 15:00:00,5.455308
2021-10-01 16:00:00,5.4788256
2021-10-01 17:00:00,5.5328703
2021-10-01 18:00:00,5.5475883
2021-10-01 19:00:00,5.606593
2021-10-01 20:00:00,5.644668
2021-10-01 21:00:00,5.663742
2021-10-01 22:00:00,5.6689806
2021-10-01 23:00:00,5.684931
2021-10-02 00:00:00,5.7015924
2021-10-02 01:00:00,0.016626436
2021-10-02 02:00:00,0.0312333
2021-10-02 03:00:00,0.04387321
2021-10-02 04:00:00,0.059980083
2021-10-02 05:00:00,0.098509714
2021-10-02 06:00:00,0.20138733
2021-10-02 07:00:00,0.47122037
2021-10-02 08:00:00,0.80844367
2021-10-02 09:00:00,1.1263809
2021-10-02 10:00:00,1.3427846
2021-10-02 11:00:00,1.6121333
2021-10-02 12:00:00,1.7442669
2021-10-02 13:00:00,1.7522786
2021-10-02 14:00:00,1.7788476
2021-10-02 15:00:00,1.7965908
2021-10-02 16:00:00,1.8446453
2021-10-02 17:00:00,2.022053
2021-10-02 18:00:00,2.2543294
2021-10-02 19:00:00,2.6416748
2021-10-02 20:00:00,2.879984
2021-10-02 21:00:00,3.012116
2021-10-02 22:00:00,3.1250157
2021-10-02 23:00:00,3.269435
2021-10-03 00:00:00,3.4444284
2021-10-03 01:00:00,0.1742197
2021-10-03 02:00:00,0.33132666
2021-10-03 03:00:00,0.47140944
2021-10-03 04:00:00,0.6097164
2021-10-03 05:00:00,0.7134733
2021-10-03 06:00:00,0.8511691
2021-10-03 07:00:00,1.0802939
2021-10-03 08:00:00,1.4419054
2021-10-03 09:00:00,1.7090752
2021-10-03 10:00:00,2.0785308
2021-10-03 11:00:00,2.312791
2021-10-03 12:00:00,2.555359
2021-10-03 13:00:00,2.6438563
2021-10-03 14:00:00,2.7727466
2021-10-03 15:00:00,2.9526749
2021-10-03 16:00:00,3.231638
2021-10-03 17:00:00,3.680135
2021-10-03 18:00:00,4.342751
2021-10-03 19:00:00,5.0197144
2021-10-03 20:00:00,5.562813
2021-10-03 21:00:00,5.9942493
2021-10-03 22:00:00,6.383116
2021-10-03 23:00:00,6.829653
2021-10-04 00:00:00,7.1628623
2021-10-04 01:00:00,0.22615498
2021-10-04 02:00:00,0.41155952
2021-10-04 03:00:00,0.52929103
2021-10-04 04:00:00,0.6026583
2021-10-04 05:00:00,0.657282
2021-10-04 06:00:00,0.7337962
2021-10-04 07:00:00,0.8470824
2021-10-04 08:00:00,0.9459896
2021-10-04 09:00:00,1.037021
2021-10-04 10:00:00,1.1136651
2021-10-04 11:00:00,1.2201245
2021-10-04 12:00:00,1.3549833
2021-10-04 13:00:00,1.436177
2021-10-04 14:00:00,1.4462494
2021-10-04 15:00:00,1.4513707
2021-10-04 16:00:00,1.4536008
2021-10-04 17:00:00,1.4771726
2021-10-04 18:00:00,1.52467
2021-10-04 19:00:00,1.9779162
2021-10-04 20:00:00,2.3896074
2021-10-04 21:00:00,2.7844481
2021-10-04 22:00:00,3.0308566
2021-10-04 23:00:00,3.128146
2021-10-05 00:00:00,3.1614408
2021-10-05 01:00:00,0.0111984555
2021-10-05 02:00:00,0.012511998
2021-10-05 03:00:00,0.013143639
2021-10-05 04:00:00,0.033227436
2021-10-05 05:00:00,0.047188256
2021-10-05 06:00:00,0.07731863
2021-10-05 07:00:00,0.12846826
2021-10-05 08:00:00,0.19333734
2021-10-05 09:00:00,0.27958524
2021-10-05 10:00:00,0.34215873
2021-10-05 11:00:00,0.3663561
2021-10-05 12:00:00,0.3734259
2021-10-05 13:00:00,0.37523186
2021-10-05 14:00:00,0.37536722
2021-10-05 15:00:00,0.37548018
2021-10-05 16:00:00,0.37561706
2021-10-05 17:00:00,0.37636608
2021-10-05 18:00:00,0.3776108
2021-10-05 19:00:00,0.4349712
2021-10-05 20:00:00,0.46283543
2021-10-05 21:00:00,0.47662947
2021-10-05 22:00:00,0.4862291
2021-10-05 23:00:00,0.49207306
2021-10-06 00:00:00,0.49840045
2021-10-06 01:00:00,0.002233428
2021-10-06 02:00:00,0.005010341
2021-10-06 03:00:00,0.0059420126
2021-10-06 04:00:00,0.012155506
2021-10-06 05:00:00,0.023082249
2021-10-06 06:00:00,0.034950092
2021-10-06 07:00:00,0.047816895
2021-10-06 08:00:00,0.07059099
2021-10-06 09:00:00,0.09290153
2021-10-06 10:00:00,0.11342996
2021-10-06 11:00:00,0.12976746
2021-10-06 12:00:00,0.13449672
2021-10-06 13:00:00,0.13493374
2021-10-06 14:00:00,0.13588074
2021-10-06 15:00:00,0.13588074
2021-10-06 16:00:00,0.13588074
2021-10-06 17:00:00,0.13588074
2021-10-06 18:00:00,0.13605979
2021-10-06 19:00:00,0.14618304
2021-10-06 20:00:00,0.16469029
2021-10-06 21:00:00,0.17050943
2021-10-06 22:00:00,0.17848898
2021-10-06 23:00:00,0.18837754
2021-10-07 00:00:00,0.19016661
2021-10-07 01:00:00,0.014526508
2021-10-07 02:00:00,0.024466833
2021-10-07 03:00:00,0.031931385
2021-10-07 04:00:00,0.04931289
2021-10-07 05:00:00,0.06325566
2021-10-07 06:00:00,0.1087744
2021-10-07 07:00:00,0.19585225
2021-10-07 08:00:00,0.33850896
2021-10-07 09:00:00,0.51259077
2021-10-07 10:00:00,0.65526354
2021-10-07 11:00:00,0.78895974
2021-10-07 12:00:00,0.8893585
2021-10-07 13:00:00,0.9654788
2021-10-07 14:00:00,1.0795176
2021-10-07 15:00:00,1.2102555
2021-10-07 16:00:00,1.2959116
2021-10-07 17:00:00,1.3990349
2021-10-07 18:00:00,1.5237257
2021-10-07 19:00:00,1.6697271
2021-10-07 20:00:00,1.8677083
2021-10-07 21:00:00,2.0562165
2021-10-07 22:00:00,2.220165
2021-10-07 23:00:00,2.3656662
2021-10-08 00:00:00,2.55787
2021-10-08 01:00:00,0.18572229
2021-10-08 02:00:00,0.32443333
2021-10-08 03:00:00,0.49604475
2021-10-08 04:00:00,0.64094436
2021-10-08 05:00:00,0.78513473
2021-10-08 06:00:00,0.93719643
2021-10-08 07:00:00,1.0897641
2021-10-08 08:00:00,1.2791848
2021-10-08 09:00:00,1.4913652
2021-10-08 10:00:00,1.6871744
2021-10-08 11:00:00,1.8170925
2021-10-08 12:00:00,1.9469671
2021-10-08 13:00:00,1.9940294
2021-10-08 14:00:00,2.0469275
2021-10-08 15:00:00,2.0803905
2021-10-08 16:00:00,2.1027994
2021-10-08 17:00:00,2.1329904
2021-10-08 18:00:00,2.1765423
2021-10-08 19:00:00,2.3557916
2021-10-08 20:00:00,2.5891333
2021-10-08 21:00:00,2.7355776
2021-10-08 22:00:00,2.8995423
2021-10-08 23:00:00,3.0472543
2021-10-09 00:00:00,3.168486
2021-10-09 01:00:00,0.033144664
2021-10-09 02:00:00,0.053717755
2021-10-09 03:00:00,0.081792064
2021-10-09 04:00:00,0.10887946
2021-10-09 05:00:00,0.12687397
2021-10-09 06:00:00,0.14852569
2021-10-09 07:00:00,0.19405341
2021-10-09 08:00:00,0.25809124
2021-10-09 09:00:00,0.39060742
2021-10-09 10:00:00,0.51393986
2021-10-09 11:00:00,0.58309174
2021-10-09 12:00:00,0.6493064
2021-10-09 13:00:00,0.6832707
2021-10-09 14:00:00,0.7061907
2021-10-09 15:00:00,0.70827734
2021-10-09 16:00:00,0.7086868
2021-10-09 17:00:00,0.7088194
2021-10-09 18:00:00,0.70898515
2021-10-09 19:00:00,0.7099812
2021-10-09 20:00:00,0.7108944
2021-10-09 21:00:00,0.71309376
2021-10-09 22:00:00,0.7143887
2021-10-09 23:00:00,0.71520543
2021-10-10 00:00:00,0.7160446
2021-10-10 01:00:00,5.736365e-05
2021-10-10 02:00:00,0.00011007069
2021-10-10 03:00:00,0.00014249235
2021-10-10 04:00:00,0.0001937151
2021-10-10 05:00:00,0.00039685983
2021-10-10 06:00:00,0.00064622145
2021-10-10 07:00:00,0.00089989044
2021-10-10 08:00:00,0.005392125
2021-10-10 09:00:00,0.06703287
2021-10-10 10:00:00,0.11095801
2021-10-10 11:00:00,0.139785
2021-10-10 12:00:00,0.16509672
2021-10-10 13:00:00,0.17580087
2021-10-10 14:00:00,0.17667422
2021-10-10 15:00:00,0.17668888
2021-10-10 16:00:00,0.17671683
2021-10-10 17:00:00,0.17672685
2021-10-10 18:00:00,0.17684582
2021-10-10 19:00:00,0.17711566
2021-10-10 20:00:00,0.17719273
2021-10-10 21:00:00,0.17722626
2021-10-10 22:00:00,0.17724885
2021-10-10 23:00:00,0.1772826
2021-10-11 00:00:00,0.17731357
2021-10-11 01:00:00,1.9819709e-05
2021-10-11 02:00:00,4.8195943e-05
2021-10-11 03:00:00,6.0594175e-05
2021-10-11 04:00:00,6.0594175e-05
2021-10-11 05:00:00,6.0419552e-05
2021-10-11 06:00:00,0.0017952407
2021-10-11 07:00:00,0.006929273
2021-10-11 08:00:00,0.020500273
2021-10-11 09:00:00,0.042677276
2021-10-11 10:00:00,0.055484705
2021-10-11 11:00:00,0.0629832
2021-10-11 12:00:00,0.063860744
2021-10-11 13:00:00,0.06446797
2021-10-11 14:00:00,0.06470312
2021-10-11 15:00:00,0.06472315
2021-10-11 16:00:00,0.064740844
2021-10-11 17:00:00,0.064753644
2021-10-11 18:00:00,0.06487891
2021-10-11 19:00:00,0.06519894
2021-10-11 20:00:00,0.06554259
2021-10-11 21:00:00,0.06561012
2021-10-11 22:00:00,0.06561804
2021-10-11 23:00:00,0.06561804
2021-10-12 00:00:00,0.06561804
2021-10-12 01:00:00,0.0
2021-10-12 02:00:00,0.0
2021-10-12 03:00:00,0.0
2021-10-12 04:00:00,0.0
2021-10-12 05:00:00,0.0
2021-10-12 06:00:00,0.0
2021-10-12 07:00:00,0.025238842
2021-10-12 08:00:00,0.050453935
2021-10-12 09:00:00,0.0706953
2021-10-12 10:00:00,0.07671839
2021-10-12 11:00:00,0.08116186
2021-10-12 12:00:00,0.081807256
2021-10-12 13:00:00,0.082124375
2021-10-12 14:00:00,0.08269492
2021-10-12 15:00:00,0.08303323
2021-10-12 16:00:00,0.08327001
2021-10-12 17:00:00,0.08349539
2021-10-12 18:00:00,0.08363649
2021-10-12 19:00:00,0.084081665
2021-10-12 20:00:00,0.08436572
2021-10-12 21:00:00,0.08529141
2021-10-12 22:00:00,0.08551912
2021-10-12 23:00:00,0.085731685
2021-10-13 00:00:00,0.086013414
2021-10-13 01:00:00,0.00030361116
2021-10-13 02:00:00,0.00051339157
2021-10-13 03:00:00,0.00059849117
2021-10-13 04:00:00,0.0005986076
2021-10-13 05:00:00,0.00063783955
2021-10-13 06:00:00,0.01199136
2021-10-13 07:00:00,0.029881485
2021-10-13 08:00:00,0.043173436
2021-10-13 09:00:00,0.06024912
2021-10-13 10:00:00,0.0724385
2021-10-13 11:00:00,0.077786386
2021-10-13 12:00:00,0.08097874
2021-10-13 13:00:00,0.087455615
2021-10-13 14:00:00,0.08954993
2021-10-13 15:00:00,0.091383934
2021-10-13 16:00:00,0.09242143
2021-10-13 17:00:00,0.09302283
2021-10-13 18:00:00,0.093407005
2021-10-13 19:00:00,0.09401375
2021-10-13 20:00:00,0.094517596
2021-10-13 21:00:00,0.094722025
2021-10-13 22:00:00,0.09502191
2021-10-13 23:00:00,0.09531202
2021-10-14 00:00:00,0.09589056
2021-10-14 01:00:00,0.00015154365
2021-10-14 02:00:00,0.0003313762
2021-10-14 03:00:00,0.00040623127
2021-10-14 04:00:00,0.0004186295
2021-10-14 05:00:00,0.00041804742
2021-10-14 06:00:00,0.00041804742
2021-10-14 07:00:00,0.00041804742
2021-10-14 08:00:00,0.0012763543
2021-10-14 09:00:00,0.0012763543
2021-10-14 10:00:00,0.0012763543
2021-10-14 11:00:00,0.0012755394
2021-10-14 12:00:00,0.002137226
2021-10-14 13:00:00,0.0021359224
2021-10-14 14:00:00,0.0021359224
2021-10-14 15:00:00,0.0021359224
2021-10-14 16:00:00,0.002137253
2021-10-14 17:00:00,0.0021325508
2021-10-14 18:00:00,0.0021399483
2021-10-14 19:00:00,0.0021399483
2021-10-14 20:00:00,0.0021399483
2021-10-14 21:00:00,0.0021399483
2021-10-14 22:00:00,0.0021399483
2021-10-14 23:00:00,0.0021399483
2021-10-15 00:00:00,0.0021399483
2021-10-15 01:00:00,0.0
2021-10-15 02:00:00,0.0
2021-10-15 03:00:00,0.0
2021-10-15 04:00:00,0.0
2021-10-15 05:00:00,0.0
2021-10-15 06:00:00,0.0
2021-10-15 07:00:00,0.0
2021-10-15 08:00:00,0.0
2021-10-15 09:00:00,0.008446048
2021-10-15 10:00:00,0.008446048
2021-10-15 11:00:00,0.008453382
2021-10-15 12:00:00,0.009312481
2021-10-15 13:00:00,0.009312481
2021-10-15 14:00:00,0.009312481
2021-10-15 15:00:00,0.009312481
2021-10-15 16:00:00,0.009312481
2021-10-15 17:00:00,0.009312597
2021-10-15 18:00:00,0.0093155075
2021-10-15 19:00:00,0.009419816
2021-10-15 20:00:00,0.009832159
2021-10-15 21:00:00,0.010291999
2021-10-15 22:00:00,0.010591187
2021-10-15 23:00:00,0.010945555
2021-10-16 00:00:00,0.011054985
2021-10-16 01:00:00,2.2584572e-05
2021-10-16 02:00:00,2.9685907e-05
2021-10-16 03:00:00,2.9685907e-05
2021-10-16 04:00:00,2.9685907e-05
2021-10-16 05:00:00,2.9802322e-05
2021-10-16 06:00:00,2.9802322e-05
2021-10-16 07:00:00,2.9802322e-05
2021-10-16 08:00:00,2.9802322e-05
2021-10-16 09:00:00,0.00012735836
2021-10-16 10:00:00,0.00018044375
2021-10-16 11:00:00,0.00023865141
2021-10-16 12:00:00,0.00023865141
2021-10-16 13:00:00,0.00023865141
2021-10-16 14:00:00,0.00023865141
2021-10-16 15:00:00,0.00023865141
2021-10-16 16:00:00,0.00023818575
2021-10-16 17:00:00,0.00023981556
2021-10-16 18:00:00,0.00023981556
2021-10-16 19:00:00,0.00023981556
2021-10-16 20:00:00,0.00023981556
2021-10-16 21:00:00,0.00023981556
2021-10-16 22:00:00,0.00023981556
2021-10-16 23:00:00,0.00023981556
2021-10-17 00:00:00,0.00023981556
2021-10-17 01:00:00,0.0001868757
2021-10-17 02:00:00,0.0012337696
2021-10-17 03:00:00,0.0052075484
2021-10-17 04:00:00,0.016846752
2021-10-17 05:00:00,0.05252252
2021-10-17 06:00:00,0.14854479
2021-10-17 07:00:00,0.3989113
2021-10-17 08:00:00,0.7149782
2021-10-17 09:00:00,1.0075204
2021-10-17 10:00:00,1.2976234
2021-10-17 11:00:00,1.5062072
2021-10-17 12:00:00,1.6666267
2021-10-17 13:00:00,1.8394856
2021-10-17 14:00:00,2.061615
2021-10-17 15:00:00,2.286434
2021-10-17 16:00:00,2.5046086
2021-10-17 17:00:00,2.6946063
2021-10-17 18:00:00,2.8886003
2021-10-17 19:00:00,3.1299715
2021-10-17 20:00:00,3.4474168
2021-10-17 21:00:00,4.1679206
2021-10-17 22:00:00,5.5396285
2021-10-17 23:00:00,7.6540194
2021-10-18 00:00:00,10.363044
2021-10-18 01:00:00,3.192791
2021-10-18 02:00:00,6.950563
2021-10-18 03:00:00,11.8705845
2021-10-18 04:00:00,17.594112
2021-10-18 05:00:00,23.440351
2021-10-18 06:00:00,28.79197
2021-10-18 07:00:00,34.254135
2021-10-18 08:00:00,39.526417
2021-10-18 09:00:00,44.677414
2021-10-18 10:00:00,49.77478
2021-10-18 11:00:00,54.963524
2021-10-18 12:00:00,61.409775
2021-10-18 13:00:00,69.2413
2021-10-18 14:00:00,78.179184
2021-10-18 15:00:00,86.594795
2021-10-18 16:00:00,93.50107
2021-10-18 17:00:00,99.88672
2021-10-18 18:00:00,105.76684
2021-10-18 19:00:00,109.35039
2021-10-18 20:00:00,112.057434
2021-10-18 21:00:00,114.918015
2021-10-18 22:00:00,118.06641
2021-10-18 23:00:00,121.89208
2021-10-19 00:00:00,127.22718
2021-10-19 01:00:00,5.280032
2021-10-19 02:00:00,9.143469
2021-10-19 03:00:00,12.298315
2021-10-19 04:00:00,14.977376
2021-10-19 05:00:00,17.416391
2021-10-19 06:00:00,19.989033
2021-10-19 07:00:00,21.362139
2021-10-19 08:00:00,22.61567
2021-10-19 09:00:00,24.075909
2021-10-19 10:00:00,25.982655
2021-10-19 11:00:00,28.778042
2021-10-19 12:00:00,32.479843
2021-10-19 13:00:00,36.186153
2021-10-19 14:00:00,39.058662
2021-10-19 15:00:00,40.84574
2021-10-19 16:00:00,41.828133
2021-10-19 17:00:00,42.27803
2021-10-19 18:00:00,42.45241
2021-10-19 19:00:00,42.877716
2021-10-19 20:00:00,43.11965
2021-10-19 21:00:00,43.244743
2021-10-19 22:00:00,43.327473
2021-10-19 23:00:00,43.379204
2021-10-20 00:00:00,43.410336
2021-10-20 01:00:00,0.018121878
2021-10-20 02:00:00,0.023386033
2021-10-20 03:00:00,0.02598588
2021-10-20 04:00:00,0.028136069
2021-10-20 05:00:00,0.03412436
2021-10-20 06:00:00,0.041433375
2021-10-20 07:00:00,0.1010932
2021-10-20 08:00:00,0.15492517
2021-10-20 09:00:00,0.45606193
2021-10-20 10:00:00,0.5762949
2021-10-20 11:00:00,0.6658644
2021-10-20 12:00:00,0.6984887
2021-10-20 13:00:00,0.7028233
2021-10-20 14:00:00,0.7043915
2021-10-20 15:00:00,0.70597535
2021-10-20 16:00:00,0.7083199
2021-10-20 17:00:00,0.71074975
2021-10-20 18:00:00,0.712879
2021-10-20 19:00:00,0.88451135
2021-10-20 20:00:00,0.9673889
2021-10-20 21:00:00,0.97339
2021-10-20 22:00:00,0.9855553
2021-10-20 23:00:00,0.98658675
2021-10-21 00:00:00,0.98767924
2021-10-21 01:00:00,0.0008631323
2021-10-21 02:00:00,0.0015490805
2021-10-21 03:00:00,0.0018987921
2021-10-21 04:00:00,0.0020734733
2021-10-21 05:00:00,0.0021436717
2021-10-21 06:00:00,0.0069115777
2021-10-21 07:00:00,0.008565839
2021-10-21 08:00:00,0.012317556
2021-10-21 09:00:00,0.023800414
2021-10-21 10:00:00,0.03599073
2021-10-21 11:00:00,0.049096297
2021-10-21 12:00:00,0.07405947
2021-10-21 13:00:00,0.0942538
2021-10-21 14:00:00,0.1303826
2021-10-21 15:00:00,0.16829488
2021-10-21 16:00:00,0.24719793
2021-10-21 17:00:00,0.32596102
2021-10-21 18:00:00,0.40325338
2021-10-21 19:00:00,0.40371346
2021-10-21 20:00:00,0.4042152
2021-10-21 21:00:00,0.40466177
2021-10-21 22:00:00,0.40861335
2021-10-21 23:00:00,0.4129417
2021-10-22 00:00:00,0.41492423
2021-10-22 01:00:00,0.0017640123
2021-10-22 02:00:00,0.0054519624
2021-10-22 03:00:00,0.00573718
2021-10-22 04:00:00,0.008856645
2021-10-22 05:00:00,0.01416693
2021-10-22 06:00:00,0.034623895
2021-10-22 07:00:00,0.06797956
2021-10-22 08:00:00,0.077680916
2021-10-22 09:00:00,0.12088008
2021-10-22 10:00:00,0.17444581
2021-10-22 11:00:00,0.20713033
2021-10-22 12:00:00,0.28828996
2021-10-22 13:00:00,0.2958041
2021-10-22 14:00:00,0.29726726
2021-10-22 15:00:00,0.29802346
2021-10-22 16:00:00,0.29879016
2021-10-22 17:00:00,0.2994414
2021-10-22 18:00:00,0.29988262
2021-10-22 19:00:00,0.3010407
2021-10-22 20:00:00,0.30402416
2021-10-22 21:00:00,0.3067694
2021-10-22 22:00:00,0.30868608
2021-10-22 23:00:00,0.31070632
2021-10-23 00:00:00,0.31235057
2021-10-23 01:00:00,0.012813399
2021-10-23 02:00:00,0.033635996
2021-10-23 03:00:00,0.04954927
2021-10-23 04:00:00,0.06392458
2021-10-23 05:00:00,0.09766826
2021-10-23 06:00:00,0.19751593
2021-10-23 07:00:00,0.34159982
2021-10-23 08:00:00,0.6176574
2021-10-23 09:00:00,0.9226517
2021-10-23 10:00:00,1.1914654
2021-10-23 11:00:00,1.5142096
2021-10-23 12:00:00,1.6632006
2021-10-23 13:00:00,1.6933749
2021-10-23 14:00:00,1.7014732
2021-10-23 15:00:00,1.7062565
2021-10-23 16:00:00,1.7121265
2021-10-23 17:00:00,1.7316273
2021-10-23 18:00:00,1.7588784
2021-10-23 19:00:00,1.8730586
2021-10-23 20:00:00,1.9504228
2021-10-23 21:00:00,2.0519154
2021-10-23 22:00:00,2.2004395
2021-10-23 23:00:00,2.2178495
2021-10-24 00:00:00,2.2215238
2021-10-24 01:00:00,0.0015070254
2021-10-24 02:00:00,0.0022197783
2021-10-24 03:00:00,0.002803281
2021-10-24 04:00:00,0.008970965
2021-10-24 05:00:00,0.021641843
2021-10-24 06:00:00,0.10892306
2021-10-24 07:00:00,0.20662917
2021-10-24 08:00:00,0.34353906
2021-10-24 09:00:00,0.8556983
2021-10-24 10:00:00,1.3065948
2021-10-24 11:00:00,1.740475
2021-10-24 12:00:00,2.1424375
2021-10-24 13:00:00,2.2008224
2021-10-24 14:00:00,2.240747
2021-10-24 15:00:00,2.3031545
2021-10-24 16:00:00,2.3141859
2021-10-24 17:00:00,2.319194
2021-10-24 18:00:00,2.3225203
2021-10-24 19:00:00,2.325224
2021-10-24 20:00:00,2.3270617
2021-10-24 21:00:00,2.3281934
2021-10-24 22:00:00,2.3291414
2021-10-24 23:00:00,2.3299785
2021-10-25 00:00:00,2.3309934
2021-10-25 01:00:00,0.0007068156
2021-10-25 02:00:00,0.001321896
2021-10-25 03:00:00,0.001730572
2021-10-25 04:00:00,0.002013112
2021-10-25 05:00:00,0.0026419875
2021-10-25 06:00:00,0.003211433
2021-10-25 07:00:00,0.021783983
2021-10-25 08:00:00,0.047319453
2021-10-25 09:00:00,0.10978873
2021-10-25 10:00:00,0.11237869
2021-10-25 11:00:00,0.11378848
2021-10-25 12:00:00,0.11525784
2021-10-25 13:00:00,0.11659485
2021-10-25 14:00:00,0.11720784
2021-10-25 15:00:00,0.11844389
2021-10-25 16:00:00,0.1196395
2021-10-25 17:00:00,0.1202206
2021-10-25 18:00:00,0.12081595
2021-10-25 19:00:00,0.12126784
2021-10-25 20:00:00,0.121668786
2021-10-25 21:00:00,0.12200639
2021-10-25 22:00:00,0.12234958
2021-10-25 23:00:00,0.12291256
2021-10-26 00:00:00,0.12328835
2021-10-26 01:00:00,0.00037194695
2021-10-26 02:00:00,0.0005714246
2021-10-26 03:00:00,0.000701868
2021-10-26 04:00:00,0.0007794006
2021-10-26 05:00:00,0.012403936
2021-10-26 06:00:00,0.06668037
2021-10-26 07:00:00,0.16628766
2021-10-26 08:00:00,0.26710445
2021-10-26 09:00:00,0.34410757
2021-10-26 10:00:00,0.38356888
2021-10-26 11:00:00,0.42572892
2021-10-26 12:00:00,0.44219986
2021-10-26 13:00:00,0.45394918
2021-10-26 14:00:00,0.46042696
2021-10-26 15:00:00,0.46436602
2021-10-26 16:00:00,0.46704912
2021-10-26 17:00:00,0.46951693
2021-10-26 18:00:00,0.47141635
2021-10-26 19:00:00,0.47313392
2021-10-26 20:00:00,0.4743931
2021-10-26 21:00:00,0.47571975
2021-10-26 22:00:00,0.47664523
2021-10-26 23:00:00,0.47778195
2021-10-27 00:00:00,0.47904947
2021-10-27 01:00:00,0.001190987
2021-10-27 02:00:00,0.0020817388
2021-10-27 03:00:00,0.0028553768
2021-10-27 04:00:00,0.0035803532
2021-10-27 05:00:00,0.0145498775
2021-10-27 06:00:00,0.06088242
2021-10-27 07:00:00,0.11203542
2021-10-27 08:00:00,0.1806607
2021-10-27 09:00:00,0.302713
2021-10-27 10:00:00,0.32481465
2021-10-27 11:00:00,0.3330453
2021-10-27 12:00:00,0.33665606
2021-10-27 13:00:00,0.33870915
2021-10-27 14:00:00,0.33992803
2021-10-27 15:00:00,0.34019765
2021-10-27 16:00:00,0.34026074
2021-10-27 17:00:00,0.34029192
2021-10-27 18:00:00,0.34044048
2021-10-27 19:00:00,0.3405066
2021-10-27 20:00:00,0.3406284
2021-10-27 21:00:00,0.3408149
2021-10-27 22:00:00,0.34106797
2021-10-27 23:00:00,0.341305
2021-10-28 00:00:00,0.341569
2021-10-28 01:00:00,0.00026242924
2021-10-28 02:00:00,0.00051868847
2021-10-28 03:00:00,0.0007515773
2021-10-28 04:00:00,0.00093341805
2021-10-28 05:00:00,0.00093644485
2021-10-28 06:00:00,0.00093714334
2021-10-28 07:00:00,0.00093714334
2021-10-28 08:00:00,0.00093714334
2021-10-28 09:00:00,0.02502359
2021-10-28 10:00:00,0.05093939
2021-10-28 11:00:00,0.050995037
2021-10-28 12:00:00,0.051013656
2021-10-28 13:00:00,0.051016685
2021-10-28 14:00:00,0.051016685
2021-10-28 15:00:00,0.051016685
2021-10-28 16:00:00,0.051016685
2021-10-28 17:00:00,0.051016685
2021-10-28 18:00:00,0.051016685
2021-10-28 19:00:00,0.051016685
2021-10-28 20:00:00,0.051016685
2021-10-28 21:00:00,0.051016685
2021-10-28 22:00:00,0.051016685
2021-10-28 23:00:00,0.051016685
2021-10-29 00:00:00,0.051016685
2021-10-29 01:00:00,0.0
2021-10-29 02:00:00,0.0
2021-10-29 03:00:00,0.0
2021-10-29 04:00:00,0.0
2021-10-29 05:00:00,0.0
2021-10-29 06:00:00,0.00030023511
2021-10-29 07:00:00,0.0074995914
2021-10-29 08:00:00,0.026243854
2021-10-29 09:00:00,0.04622049
2021-10-29 10:00:00,0.060342718
2021-10-29 11:00:00,0.06449641
2021-10-29 12:00:00,0.06891741
2021-10-29 13:00:00,0.07089041
2021-10-29 14:00:00,0.071704626
2021-10-29 15:00:00,0.0720541
2021-10-29 16:00:00,0.07228833
2021-10-29 17:00:00,0.07260079
2021-10-29 18:00:00,0.07290928
2021-10-29 19:00:00,0.07311674
2021-10-29 20:00:00,0.073350966
2021-10-29 21:00:00,0.07361267
2021-10-29 22:00:00,0.07376121
2021-10-29 23:00:00,0.073836185
2021-10-30 00:00:00,0.07387251
2021-10-30 01:00:00,2.674642e-05
2021-10-30 02:00:00,4.1502062e-05
2021-10-30 03:00:00,4.7904905e-05
2021-10-30 04:00:00,6.449409e-05
2021-10-30 05:00:00,7.764902e-05
2021-10-30 06:00:00,0.00027543865
2021-10-30 07:00:00,0.0029138755
2021-10-30 08:00:00,0.005196547
2021-10-30 09:00:00,0.005416805
2021-10-30 10:00:00,0.0055055134
2021-10-30 11:00:00,0.0055097044
2021-10-30 12:00:00,0.010808464
2021-10-30 13:00:00,0.029677711
2021-10-30 14:00:00,0.045838255
2021-10-30 15:00:00,0.057022974
2021-10-30 16:00:00,0.06330381
2021-10-30 17:00:00,0.06623887
2021-10-30 18:00:00,0.06836229
2021-10-30 19:00:00,0.14515473
2021-10-30 20:00:00,0.2428805
2021-10-30 21:00:00,0.3207826
2021-10-30 22:00:00,0.40301654
2021-10-30 23:00:00,0.47175604
2021-10-31 00:00:00,0.53768206
2021-10-31 01:00:00,0.06849371
2021-10-31 02:00:00,0.12910314
2021-10-31 03:00:00,0.18156761
2021-10-31 04:00:00,0.22689836
2021-10-31 05:00:00,0.26030058
2021-10-31 06:00:00,0.3038255
2021-10-31 07:00:00,0.35895082
2021-10-31 08:00:00,0.44246554
2021-10-31 09:00:00,0.5267358
2021-10-31 10:00:00,0.58882713
2021-10-31 11:00:00,0.66301596
2021-10-31 12:00:00,0.7027583
2021-10-31 13:00:00,0.72120905
2021-10-31 14:00:00,0.80360776
2021-10-31 15:00:00,0.808987
2021-10-31 16:00:00,0.80909646
2021-10-31 17:00:00,0.80935705
2021-10-31 18:00:00,0.8096416
2021-10-31 19:00:00,0.8126395
2021-10-31 20:00:00,0.8545122
2021-10-31 21:00:00,0.949021
2021-10-31 22:00:00,1.0075313
2021-10-31 23:00:00,1.0102313
2021-11-01 00:00:00,1.011446
2021-11-01 01:00:00,0.009371608
2021-11-01 02:00:00,0.036234677
2021-11-01 03:00:00,0.04257716
2021-11-01 04:00:00,0.07044629
2021-11-01 05:00:00,0.1248084
2021-11-01 06:00:00,0.24220046
2021-11-01 07:00:00,0.4305954
2021-11-01 08:00:00,0.6470312
2021-11-01 09:00:00,1.1565331
2021-11-01 10:00:00,1.8375192
2021-11-01 11:00:00,2.052433
2021-11-01 12:00:00,2.1778178
2021-11-01 13:00:00,2.2131069
2021-11-01 14:00:00,2.2212102
2021-11-01 15:00:00,2.225223
2021-11-01 16:00:00,2.2272553
2021-11-01 17:00:00,2.228374
2021-11-01 18:00:00,2.229195
2021-11-01 19:00:00,2.230516
2021-11-01 20:00:00,2.2315526
2021-11-01 21:00:00,2.232301
2021-11-01 22:00:00,2.2330856
2021-11-01 23:00:00,2.233646
2021-11-02 00:00:00,2.2344067
2021-11-02 01:00:00,0.00063305197
2021-11-02 02:00:00,0.0013354293
2021-11-02 03:00:00,0.0019227737
2021-11-02 04:00:00,0.0024059555
2021-11-02 05:00:00,0.0079137385
2021-11-02 06:00:00,0.042942584
2021-11-02 07:00:00,0.12824696
2021-11-02 08:00:00,0.2389584
2021-11-02 09:00:00,0.36554468
2021-11-02 10:00:00,0.4889086
2021-11-02 11:00:00,0.5793922
2021-11-02 12:00:00,0.6485399
2021-11-02 13:00:00,0.67736846
2021-11-02 14:00:00,0.69762826
2021-11-02 15:00:00,0.70547837
2021-11-02 16:00:00,0.7094313
2021-11-02 17:00:00,0.7121133
2021-11-02 18:00:00,0.7141193
2021-11-02 19:00:00,0.7168269
2021-11-02 20:00:00,0.71824557
2021-11-02 21:00:00,0.71909463
2021-11-02 22:00:00,0.7197287
2021-11-02 23:00:00,0.72041357
2021-11-03 00:00:00,0.72122574
2021-11-03 01:00:00,0.00071141403
2021-11-03 02:00:00,0.0014743418
2021-11-03 03:00:00,0.002135057
2021-11-03 04:00:00,0.0024057226
2021-11-03 05:00:00,0.0026435591
2021-11-03 06:00:00,0.007690862
2021-11-03 07:00:00,0.061159138
2021-11-03 08:00:00,0.10210736
2021-11-03 09:00:00,0.13844192
2021-11-03 10:00:00,0.15349653
2021-11-03 11:00:00,0.16386867
2021-11-03 12:00:00,0.1697623
2021-11-03 13:00:00,0.17294067
2021-11-03 14:00:00,0.1744401
2021-11-03 15:00:00,0.17514047
2021-11-03 16:00:00,0.17572905
2021-11-03 17:00:00,0.17619169
2021-11-03 18:00:00,0.17679799
2021-11-03 19:00:00,0.17727062
2021-11-03 20:00:00,0.177591
2021-11-03 21:00:00,0.17797843
2021-11-03 22:00:00,0.17834723
2021-11-03 23:00:00,0.17883617
2021-11-04 00:00:00,0.18002896
2021-11-04 01:00:00,0.0004156027
2021-11-04 02:00:00,0.00085291686
2021-11-04 03:00:00,0.0011023367
2021-11-04 04:00:00,0.0011544907
2021-11-04 05:00:00,0.0011839438
2021-11-04 06:00:00,0.0011904631
2021-11-04 07:00:00,0.03401546
2021-11-04 08:00:00,0.07205145
2021-11-04 09:00:00,0.08912422
2021-11-04 10:00:00,0.09792172
2021-11-04 11:00:00,0.09858145
2021-11-04 12:00:00,0.09870637
2021-11-04 13:00:00,0.09874397
2021-11-04 14:00:00,0.09876528
2021-11-04 15:00:00,0.09877109
2021-11-04 16:00:00,0.09880135
2021-11-04 17:00:00,0.0988712
2021-11-04 18:00:00,0.0989669
2021-11-04 19:00:00,0.09907702
2021-11-04 20:00:00,0.09919298
2021-11-04 21:00:00,0.09936923
2021-11-04 22:00:00,0.09954432
2021-11-04 23:00:00,0.09974944
2021-11-05 00:00:00,0.09992779
2021-11-05 01:00:00,0.00019316212
2021-11-05 02:00:00,0.00034860568
2021-11-05 03:00:00,0.00048149377
2021-11-05 04:00:00,0.00057416037
2021-11-05 05:00:00,0.0005986076
2021-11-05 06:00:00,0.0005986076
2021-11-05 07:00:00,0.0005986076
2021-11-05 08:00:00,0.0005986076
2021-11-05 09:00:00,0.014484627
2021-11-05 10:00:00,0.03195228
2021-11-05 11:00:00,0.032204904
2021-11-05 12:00:00,0.03220653
2021-11-05 13:00:00,0.03220653
2021-11-05 14:00:00,0.03220653
2021-11-05 15:00:00,0.03220653
2021-11-05 16:00:00,0.03220653
2021-11-05 17:00:00,0.032276146
2021-11-05 18:00:00,0.03234926
2021-11-05 19:00:00,0.032395355
2021-11-05 20:00:00,0.0324829
2021-11-05 21:00:00,0.033389963
2021-11-05 22:00:00,0.03367914
2021-11-05 23:00:00,0.033883333
2021-11-06 00:00:00,0.03402722
2021-11-06 01:00:00,2.5698682e-05
2021-11-06 02:00:00,3.8009603e-05
2021-11-06 03:00:00,4.383037e-05
2021-11-06 04:00:00,4.4936314e-05
2021-11-06 05:00:00,4.5169145e-05
2021-11-06 06:00:00,0.0050839735
2021-11-06 07:00:00,0.0050839735
2021-11-06 08:00:00,0.026992057
2021-11-06 09:00:00,0.03223843
2021-11-06 10:00:00,0.032307114
2021-11-06 11:00:00,0.032307114
2021-11-06 12:00:00,0.032307114
2021-11-06 13:00:00,0.032307114
2021-11-06 14:00:00,0.032307114
2021-11-06 15:00:00,0.032307114
2021-11-06 16:00:00,0.032328535
2021-11-06 17:00:00,0.032436103
2021-11-06 18:00:00,0.032505486
2021-11-06 19:00:00,0.032622367
2021-11-06 20:00:00,0.033176363
2021-11-06 21:00:00,0.033350058
2021-11-06 22:00:00,0.033524446
2021-11-06 23:00:00,0.03364319
2021-11-07 00:00:00,0.033688825
2021-11-07 01:00:00,3.6670826e-06
2021-11-07 02:00:00,5.7625584e-06
2021-11-07 03:00:00,5.8789738e-06
2021-11-07 04:00:00,5.7043508e-06
2021-11-07 05:00:00,5.7043508e-06
2021-11-07 06:00:00,5.7043508e-06
2021-11-07 07:00:00,0.0008896226
2021-11-07 08:00:00,0.00089299865
2021-11-07 09:00:00,0.016432464
2021-11-07 10:00:00,0.02946935
2021-11-07 11:00:00,0.030105794
2021-11-07 12:00:00,0.030282512
2021-11-07 13:00:00,0.031073857
2021-11-07 14:00:00,0.031079212
2021-11-07 15:00:00,0.031084986
2021-11-07 16:00:00,0.031130139
2021-11-07 17:00:00,0.031267043
2021-11-07 18:00:00,0.031428162
2021-11-07 19:00:00,0.031547137
2021-11-07 20:00:00,0.031727582
2021-11-07 21:00:00,0.031899646
2021-11-07 22:00:00,0.031991147
2021-11-07 23:00:00,0.032060996
2021-11-08 00:00:00,0.032081485
2021-11-08 01:00:00,7.537892e-06
2021-11-08 02:00:00,1.9965228e-05
2021-11-08 03:00:00,2.9569492e-05
2021-11-08 04:00:00,3.853347e-05
2021-11-08 05:00:00,4.2491592e-05
2021-11-08 06:00:00,4.2724423e-05
2021-11-08 07:00:00,4.2608008e-05
2021-11-08 08:00:00,4.2608008e-05
2021-11-08 09:00:00,4.2608008e-05
2021-11-08 10:00:00,4.2608008e-05
2021-11-08 11:00:00,4.2608008e-05
2021-11-08 12:00:00,0.00089518726
2021-11-08 13:00:00,0.00089518726
2021-11-08 14:00:00,0.00089518726
2021-11-08 15:00:00,0.00089518726
2021-11-08 16:00:00,0.00089518726
2021-11-08 17:00:00,0.0017540103
2021-11-08 18:00:00,0.0017608638
2021-11-08 19:00:00,0.0017530925
2021-11-08 20:00:00,0.0017530925
2021-11-08 21:00:00,0.0017530925
2021-11-08 22:00:00,0.0017530925
2021-11-08 23:00:00,0.0017530925
2021-11-09 00:00:00,0.0017530925
2021-11-09 01:00:00,0.0
2021-11-09 02:00:00,0.0
2021-11-09 03:00:00,0.0
2021-11-09 04:00:00,0.0
2021-11-09 05:00:00,0.0
2021-11-09 06:00:00,0.0
2021-11-09 07:00:00,0.0
2021-11-09 08:00:00,0.0
2021-11-09 09:00:00,0.0
2021-11-09 10:00:00,0.0
2021-11-09 11:00:00,0.0
2021-11-09 12:00:00,0.0
2021-11-09 13:00:00,0.0
2021-11-09 14:00:00,0.00085234636
2021-11-09 15:00:00,0.00085234636
2021-11-09 16:00:00,0.00085234636
2021-11-09 17:00:00,0.0017106532
2021-11-09 18:00:00,0.0017109077
2021-11-09 19:00:00,0.0017110987
2021-11-09 20:00:00,0.0017155408
2021-11-09 21:00:00,0.0017160856
2021-11-09 22:00:00,0.0017115127
2021-11-09 23:00:00,0.001706939
2021-11-10 00:00:00,0.001706939
2021-11-10 01:00:00,8.934876e-06
2021-11-10 02:00:00,3.1199306e-05
2021-11-10 03:00:00,3.8940925e-05
2021-11-10 04:00:00,4.6333298e-05
2021-11-10 05:00:00,5.4598786e-05
2021-11-10 06:00:00,5.576294e-05
2021-11-10 07:00:00,5.6577846e-05
2021-11-10 08:00:00,5.727634e-05
2021-11-10 09:00:00,5.727634e-05
2021-11-10 10:00:00,0.00048042275
2021-11-10 11:00:00,0.00048368238
2021-11-10 12:00:00,0.0004929956
2021-11-10 13:00:00,0.0004929956
2021-11-10 14:00:00,0.0004929956
2021-11-10 15:00:00,0.001354934
2021-11-10 16:00:00,0.0013574627
2021-11-10 17:00:00,0.0013552445
2021-11-10 18:00:00,0.0013552445
2021-11-10 19:00:00,0.0037250742
2021-11-10 20:00:00,0.006438978
2021-11-10 21:00:00,0.013536122
2021-11-10 22:00:00,0.014564302
2021-11-10 23:00:00,0.014943119
2021-11-11 00:00:00,0.015178744
2021-11-11 01:00:00,0.00016557169
2021-11-11 02:00:00,0.00026641646
2021-11-11 03:00:00,0.00031775562
2021-11-11 04:00:00,0.00036333222
2021-11-11 05:00:00,0.0013030367
2021-11-11 06:00:00,0.004452653
2021-11-11 07:00:00,0.009630527
2021-11-11 08:00:00,0.014647399
2021-11-11 09:00:00,0.021563867
2021-11-11 10:00:00,0.030308638
2021-11-11 11:00:00,0.042177998
2021-11-11 12:00:00,0.043075323
2021-11-11 13:00:00,0.043702405
2021-11-11 14:00:00,0.043814953
2021-11-11 15:00:00,0.043814953
2021-11-11 16:00:00,0.0438401
2021-11-11 17:00:00,0.043948926
2021-11-11 18:00:00,0.044414073
2021-11-11 19:00:00,0.044921834
2021-11-11 20:00:00,0.04682933
2021-11-11 21:00:00,0.052048534
2021-11-11 22:00:00,0.05853154
2021-11-11 23:00:00,0.05885188
2021-11-12 00:00:00,0.05909961
2021-11-12 01:00:00,0.00013157842
2021-11-12 02:00:00,0.00039755832
2021-11-12 03:00:00,0.0004565809
2021-11-12 04:00:00,0.00052468386
2021-11-12 05:00:00,0.00054668635
2021-11-12 06:00:00,0.00054750126
2021-11-12 07:00:00,0.0018518185
2021-11-12 08:00:00,0.014700927
2021-11-12 09:00:00,0.020157313
2021-11-12 10:00:00,0.042287868
2021-11-12 11:00:00,0.043435678
2021-11-12 12:00:00,0.043594696
2021-11-12 13:00:00,0.043707386
2021-11-12 14:00:00,0.043758377
2021-11-12 15:00:00,0.043796096
2021-11-12 16:00:00,0.043934397
2021-11-12 17:00:00,0.044329002
2021-11-12 18:00:00,0.044837594
2021-11-12 19:00:00,0.08213907
2021-11-12 20:00:00,0.100390896
2021-11-12 21:00:00,0.11659823
2021-11-12 22:00:00,0.11885972
2021-11-12 23:00:00,0.11993469
2021-11-13 00:00:00,0.123000845
2021-11-13 01:00:00,0.0012474193
2021-11-13 02:00:00,0.001595472
2021-11-13 03:00:00,0.001844659
2021-11-13 04:00:00,0.0020841835
2021-11-13 05:00:00,0.002257293
2021-11-13 06:00:00,0.0027936185
2021-11-13 07:00:00,0.0041434076
2021-11-13 08:00:00,0.004763319
2021-11-13 09:00:00,0.0050223432
2021-11-13 10:00:00,0.0050975475
2021-11-13 11:00:00,0.0050975475
2021-11-13 12:00:00,0.0050975475
2021-11-13 13:00:00,0.0050975475
2021-11-13 14:00:00,0.0055273054
2021-11-13 15:00:00,0.00552716
2021-11-13 16:00:00,0.00552716
2021-11-13 17:00:00,0.005957298
2021-11-13 18:00:00,0.0059567383
2021-11-13 19:00:00,0.005969311
2021-11-13 20:00:00,0.0059823496
2021-11-13 21:00:00,0.0061183227
2021-11-13 22:00:00,0.0062671015
2021-11-13 23:00:00,0.0063567413
2021-11-14 00:00:00,0.006537418
2021-11-14 01:00:00,0.00017302227
2021-11-14 02:00:00,0.00029723742
2021-11-14 03:00:00,0.0003260211
2021-11-14 04:00:00,0.0003547757
2021-11-14 05:00:00,0.0005142065
2021-11-14 06:00:00,0.0022727763
2021-11-14 07:00:00,0.0027139904
2021-11-14 08:00:00,0.031473115
2021-11-14 09:00:00,0.088777624
2021-11-14 10:00:00,0.11192833
2021-11-14 11:00:00,0.15197042
2021-11-14 12:00:00,0.18135715
2021-11-14 13:00:00,0.21452539
2021-11-14 14:00:00,0.23752579
2021-11-14 15:00:00,0.25131273
2021-11-14 16:00:00,0.2596164
2021-11-14 17:00:00,0.26295856
2021-11-14 18:00:00,0.26476184
2021-11-14 19:00:00,0.2660687
2021-11-14 20:00:00,0.26733053
2021-11-14 21:00:00,0.26771095
2021-11-14 22:00:00,0.27275175
2021-11-14 23:00:00,0.2795583
2021-11-15 00:00:00,0.2829581
2021-11-15 01:00:00,0.0021631422
2021-11-15 02:00:00,0.0035638805
2021-11-15 03:00:00,0.005626818
2021-11-15 04:00:00,0.008271891
2021-11-15 05:00:00,0.013742945
2021-11-15 06:00:00,0.013754936
2021-11-15 07:00:00,0.013760291
2021-11-15 08:00:00,0.014102319
2021-11-15 09:00:00,0.025114045
2021-11-15 10:00:00,0.034230296
2021-11-15 11:00:00,0.046310015
2021-11-15 12:00:00,0.048547514
2021-11-15 13:00:00,0.049307942
2021-11-15 14:00:00,0.04956708
2021-11-15 15:00:00,0.049718656
2021-11-15 16:00:00,0.049935192
2021-11-15 17:00:00,0.050259985
2021-11-15 18:00:00,0.051019434
2021-11-15 19:00:00,0.067338064
2021-11-15 20:00:00,0.08625136
2021-11-15 21:00:00,0.108563066
2021-11-15 22:00:00,0.18322487
2021-11-15 23:00:00,0.2190561
2021-11-16 00:00:00,0.23268764
2021-11-16 01:00:00,0.0013344106
2021-11-16 02:00:00,0.0019807485
2021-11-16 03:00:00,0.0021628803
2021-11-16 04:00:00,0.0022039167
2021-11-16 05:00:00,0.0022109598
2021-11-16 06:00:00,0.008289469
2021-11-16 07:00:00,0.008329167
2021-11-16 08:00:00,0.019426806
2021-11-16 09:00:00,0.024444144
2021-11-16 10:00:00,0.024449617
2021-11-16 11:00:00,0.024447637
2021-11-16 12:00:00,0.024447637
2021-11-16 13:00:00,0.024447637
2021-11-16 14:00:00,0.024447637
2021-11-16 15:00:00,0.024447637
2021-11-16 16:00:00,0.024447637
2021-11-16 17:00:00,0.024447637
2021-11-16 18:00:00,0.024880143
2021-11-16 19:00:00,0.024880143
2021-11-16 20:00:00,0.024880143
2021-11-16 21:00:00,0.024880143
2021-11-16 22:00:00,0.024880143
2021-11-16 23:00:00,0.024880143
2021-11-17 00:00:00,0.024880143
2021-11-17 01:00:00,0.0
2021-11-17 02:00:00,0.0
2021-11-17 03:00:00,0.0
2021-11-17 04:00:00,0.0
2021-11-17 05:00:00,0.0
2021-11-17 06:00:00,0.0
2021-11-17 07:00:00,0.0
2021-11-17 08:00:00,0.0
2021-11-17 09:00:00,0.0
2021-11-17 10:00:00,0.00085979694
2021-11-17 11:00:00,0.00085234636
2021-11-17 12:00:00,0.00085234636
2021-11-17 13:00:00,0.00085234636
2021-11-17 14:00:00,0.00085234636
2021-11-17 15:00:00,0.00085234636
2021-11-17 16:00:00,0.00085234636
2021-11-17 17:00:00,0.0008672475
2021-11-17 18:00:00,0.0009235926
2021-11-17 19:00:00,0.00095199794
2021-11-17 20:00:00,0.001006946
2021-11-17 21:00:00,0.0010772608
2021-11-17 22:00:00,0.001152698
2021-11-17 23:00:00,0.0012476929
2021-11-18 00:00:00,0.0013850629
2021-11-18 01:00:00,0.00013530371
2021-11-18 02:00:00,0.00026269117
2021-11-18 03:00:00,0.0003768364
2021-11-18 04:00:00,0.00040861778
2021-11-18 05:00:00,0.00041245949
2021-11-18 06:00:00,0.00041245949
2021-11-18 07:00:00,0.00041245949
2021-11-18 08:00:00,0.00041245949
2021-11-18 09:00:00,0.0004125759
2021-11-18 10:00:00,0.0004125759
2021-11-18 11:00:00,0.0012708828
2021-11-18 12:00:00,0.0014133751
2021-11-18 13:00:00,0.0015384052
2021-11-18 14:00:00,0.0015905593
2021-11-18 15:00:00,0.0017547049
2021-11-18 16:00:00,0.0018226914
2021-11-18 17:00:00,0.0019451603
2021-11-18 18:00:00,0.0020566862
2021-11-18 19:00:00,0.0024946406
2021-11-18 20:00:00,0.0026250258
2021-11-18 21:00:00,0.0027670525
2021-11-18 22:00:00,0.0029132701
2021-11-18 23:00:00,0.0031274743
2021-11-19 00:00:00,0.0033495948
2021-11-19 01:00:00,4.947651e-05
2021-11-19 02:00:00,8.632196e-05
2021-11-19 03:00:00,9.11532e-05
2021-11-19 04:00:00,9.138603e-05
2021-11-19 05:00:00,9.138603e-05
2021-11-19 06:00:00,9.138603e-05
2021-11-19 07:00:00,9.138603e-05
2021-11-19 08:00:00,9.138603e-05
2021-11-19 09:00:00,0.0009509502
2021-11-19 10:00:00,0.0009509502
2021-11-19 11:00:00,0.0009509502
2021-11-19 12:00:00,0.00094966963
2021-11-19 13:00:00,0.00094966963
2021-11-19 14:00:00,0.00094966963
2021-11-19 15:00:00,0.00094966963
2021-11-19 16:00:00,0.00094966963
2021-11-19 17:00:00,0.00096433796
2021-11-19 18:00:00,0.0010497868
2021-11-19 19:00:00,0.0010525808
2021-11-19 20:00:00,0.0013370998
2021-11-19 21:00:00,0.0018043909
2021-11-19 22:00:00,0.0024605077
2021-11-19 23:00:00,0.002880767
2021-11-20 00:00:00,0.0031329226
2021-11-20 01:00:00,0.00019959407
2021-11-20 02:00:00,0.0003083842
2021-11-20 03:00:00,0.00038254075
2021-11-20 04:00:00,0.00044703484
2021-11-20 05:00:00,0.0005441252
2021-11-20 06:00:00,0.0006922055
2021-11-20 07:00:00,0.0006975606
2021-11-20 08:00:00,0.00070547685
2021-11-20 09:00:00,0.0011147931
2021-11-20 10:00:00,0.0025182962
2021-11-20 11:00:00,0.0065811444
2021-11-20 12:00:00,0.010829838
2021-11-20 13:00:00,0.012999354
2021-11-20 14:00:00,0.013407972
2021-11-20 15:00:00,0.013744878
2021-11-20 16:00:00,0.014239177
2021-11-20 17:00:00,0.014536036
2021-11-20 18:00:00,0.015123188
2021-11-20 19:00:00,0.015307589
2021-11-20 20:00:00,0.015478487
2021-11-20 21:00:00,0.015629362
2021-11-20 22:00:00,0.015891064
2021-11-20 23:00:00,0.016267039
2021-11-21 00:00:00,0.016709873
2021-11-21 01:00:00,0.00035727862
2021-11-21 02:00:00,0.0006952323
2021-11-21 03:00:00,0.0009170035
2021-11-21 04:00:00,0.0011099037
2021-11-21 05:00:00,0.0012003002
2021-11-21 06:00:00,0.0012331293
2021-11-21 07:00:00,0.0012329547
2021-11-21 08:00:00,0.0012330711
2021-11-21 09:00:00,0.0012330711
2021-11-21 10:00:00,0.0012326054
2021-11-21 11:00:00,0.0012326054
2021-11-21 12:00:00,0.0012326054
2021-11-21 13:00:00,0.0012326054
2021-11-21 14:00:00,0.0012326054
2021-11-21 15:00:00,0.0012321398
2021-11-21 16:00:00,0.001237262
2021-11-21 17:00:00,0.0012591481
2021-11-21 18:00:00,0.0013364479
2021-11-21 19:00:00,0.0013723038
2021-11-21 20:00:00,0.0014952384
2021-11-21 21:00:00,0.0016828999
2021-11-21 22:00:00,0.001791399
2021-11-21 23:00:00,0.0019101426
2021-11-22 00:00:00,0.0020517036
2021-11-22 01:00:00,0.00014026591
2021-11-22 02:00:00,0.0002697634
2021-11-22 03:00:00,0.0004034955
2021-11-22 04:00:00,0.00047532376
2021-11-22 05:00:00,0.0004992471
2021-11-22 06:00:00,0.00058306614
2021-11-22 07:00:00,0.0010142219
2021-11-22 08:00:00,0.0011936179
2021-11-22 09:00:00,0.002328679
2021-11-22 10:00:00,0.002396549
2021-11-22 11:00:00,0.003254856
2021-11-22 12:00:00,0.003255671
2021-11-22 13:00:00,0.003255671
2021-11-22 14:00:00,0.003255671
2021-11-22 15:00:00,0.003255671
2021-11-22 16:00:00,0.003255671
2021-11-22 17:00:00,0.0032586977
2021-11-22 18:00:00,0.0032586977
2021-11-22 19:00:00,0.0032586977
2021-11-22 20:00:00,0.0032586977
2021-11-22 21:00:00,0.00326382
2021-11-22 22:00:00,0.0033355318
2021-11-22 23:00:00,0.0034230761
2021-11-23 00:00:00,0.0034319237
2021-11-23 01:00:00,1.2223609e-06
2021-11-23 02:00:00,2.4447218e-06
2021-11-23 03:00:00,3.608875e-06
2021-11-23 04:00:00,4.831236e-06
2021-11-23 05:00:00,4.831236e-06
2021-11-23 06:00:00,4.8894435e-06
2021-11-23 07:00:00,4.8894435e-06
2021-11-23 08:00:00,0.00011891825
2021-11-23 09:00:00,0.00025692862
2021-11-23 10:00:00,0.00029575313
2021-11-23 11:00:00,0.00029604416
2021-11-23 12:00:00,0.0007239403
2021-11-23 13:00:00,0.0007239403
2021-11-23 14:00:00,0.0007239403
2021-11-23 15:00:00,0.0007239403
2021-11-23 16:00:00,0.00073639676
2021-11-23 17:00:00,0.00077341683
2021-11-23 18:00:00,0.0008195173
2021-11-23 19:00:00,0.0012463889
2021-11-23 20:00:00,0.0012438744
2021-11-23 21:00:00,0.0012420584
2021-11-23 22:00:00,0.0013200566
2021-11-23 23:00:00,0.034197375
2021-11-24 00:00:00,0.06892849
2021-11-24 01:00:00,0.03789665
2021-11-24 02:00:00,0.08431641
2021-11-24 03:00:00,0.10394445
2021-11-24 04:00:00,0.10496454
2021-11-24 05:00:00,0.112516575
2021-11-24 06:00:00,0.13561685
2021-11-24 07:00:00,0.15974346
2021-11-24 08:00:00,0.17634597
2021-11-24 09:00:00,0.20463505
2021-11-24 10:00:00,0.23431839
2021-11-24 11:00:00,0.29638708
2021-11-24 12:00:00,0.43745926
2021-11-24 13:00:00,0.6473504
2021-11-24 14:00:00,0.881876
2021-11-24 15:00:00,1.1836435
2021-11-24 16:00:00,1.3903983
2021-11-24 17:00:00,1.6061182
2021-11-24 18:00:00,1.7924666
2021-11-24 19:00:00,1.9643096
2021-11-24 20:00:00,2.1546063
2021-11-24 21:00:00,2.3795946
2021-11-24 22:00:00,2.5814185
2021-11-24 23:00:00,2.7797747
2021-11-25 00:00:00,2.932999
2021-11-25 01:00:00,0.13210438
2021-11-25 02:00:00,0.2723293
2021-11-25 03:00:00,0.4260529
2021-11-25 04:00:00,0.6259129
2021-11-25 05:00:00,0.8497401
2021-11-25 06:00:00,1.0534952
2021-11-25 07:00:00,1.2115723
2021-11-25 08:00:00,1.3741571
2021-11-25 09:00:00,1.5286695
2021-11-25 10:00:00,1.6590466
2021-11-25 11:00:00,1.7857286
2021-11-25 12:00:00,1.9558598
2021-11-25 13:00:00,2.1514134
2021-11-25 14:00:00,2.3363783
2021-11-25 15:00:00,2.4873502
2021-11-25 16:00:00,2.6104116
2021-11-25 17:00:00,2.719584
2021-11-25 18:00:00,2.815536
2021-11-25 19:00:00,2.9808939
2021-11-25 20:00:00,3.1298845
2021-11-25 21:00:00,3.255599
2021-11-25 22:00:00,3.3340273
2021-11-25 23:00:00,3.38936
2021-11-26 00:00:00,3.4394484
2021-11-26 01:00:00,0.04090916
2021-11-26 02:00:00,0.08859002
2021-11-26 03:00:00,0.16064417
2021-11-26 04:00:00,0.23194288
2021-11-26 05:00:00,0.3223815
2021-11-26 06:00:00,0.45073068
2021-11-26 07:00:00,0.56937265
2021-11-26 08:00:00,0.7301177
2021-11-26 09:00:00,0.77688766
2021-11-26 10:00:00,0.8231661
2021-11-26 11:00:00,0.8520441
2021-11-26 12:00:00,0.88390166
2021-11-26 13:00:00,0.924622
2021-11-26 14:00:00,1.0450671
2021-11-26 15:00:00,1.3527479
2021-11-26 16:00:00,1.5303075
2021-11-26 17:00:00,1.7252874
2021-11-26 18:00:00,1.7532951
2021-11-26 19:00:00,1.8418182
2021-11-26 20:00:00,1.8907665
2021-11-26 21:00:00,1.9040899
2021-11-26 22:00:00,1.9188098
2021-11-26 23:00:00,1.9468896
2021-11-27 00:00:00,1.997539
2021-11-27 01:00:00,0.046674743
2021-11-27 02:00:00,0.11758448
2021-11-27 03:00:00,0.1558913
2021-11-27 04:00:00,0.17217034
2021-11-27 05:00:00,0.19451137
2021-11-27 06:00:00,0.21469255
2021-11-27 07:00:00,0.28317237
2021-11-27 08:00:00,0.33651766
2021-11-27 09:00:00,0.42292953
2021-11-27 10:00:00,0.4818528
2021-11-27 11:00:00,0.5031799
2021-11-27 12:00:00,0.5150619
2021-11-27 13:00:00,0.5378011
2021-11-27 14:00:00,0.5602133
2021-11-27 15:00:00,0.59932625
2021-11-27 16:00:00,0.64406466
2021-11-27 17:00:00,0.6531458
2021-11-27 18:00:00,0.6603209
2021-11-27 19:00:00,0.66521335
2021-11-27 20:00:00,0.6662005
2021-11-27 21:00:00,0.66702104
2021-11-27 22:00:00,0.667347
2021-11-27 23:00:00,0.6676912
2021-11-28 00:00:00,0.6681379
2021-11-28 01:00:00,0.00013402314
2021-11-28 02:00:00,0.00027974602
2021-11-28 03:00:00,0.00046630157
2021-11-28 04:00:00,0.00066909706
2021-11-28 05:00:00,0.0007763738
2021-11-28 06:00:00,0.00093027484
2021-11-28 07:00:00,0.014167745
2021-11-28 08:00:00,0.014210818
2021-11-28 09:00:00,0.024298672
2021-11-28 10:00:00,0.025565386
2021-11-28 11:00:00,0.02752291
2021-11-28 12:00:00,0.030644003
2021-11-28 13:00:00,0.031951
2021-11-28 14:00:00,0.039513107
2021-11-28 15:00:00,0.040618353
2021-11-28 16:00:00,0.040913813
2021-11-28 17:00:00,0.041197754
2021-11-28 18:00:00,0.041600317
2021-11-28 19:00:00,0.041703925
2021-11-28 20:00:00,0.04172162
2021-11-28 21:00:00,0.041745372
2021-11-28 22:00:00,0.041764695
2021-11-28 23:00:00,0.041790538
2021-11-29 00:00:00,0.041791238
2021-11-29 01:00:00,1.7462298e-07
2021-11-29 02:00:00,3.259629e-06
2021-11-29 03:00:00,7.916242e-06
2021-11-29 04:00:00,8.3236955e-06
2021-11-29 05:00:00,8.3236955e-06
2021-11-29 06:00:00,8.265488e-06
2021-11-29 07:00:00,8.265488e-06
2021-11-29 08:00:00,8.265488e-06
2021-11-29 09:00:00,8.265488e-06
2021-11-29 10:00:00,8.265488e-06
2021-11-29 11:00:00,8.265488e-06
2021-11-29 12:00:00,8.265488e-06
2021-11-29 13:00:00,8.265488e-06
2021-11-29 14:00:00,0.0004430301
2021-11-29 15:00:00,0.0004430301
2021-11-29 16:00:00,0.0004430301
2021-11-29 17:00:00,0.0004430301
2021-11-29 18:00:00,0.0004430301
2021-11-29 19:00:00,0.0004430301
2021-11-29 20:00:00,0.0004430301
2021-11-29 21:00:00,0.0004430301
2021-11-29 22:00:00,0.0004430301
2021-11-29 23:00:00,0.0004430301
2021-11-30 00:00:00,0.0004430301
2021-11-30 01:00:00,0.0
2021-11-30 02:00:00,0.0
2021-11-30 03:00:00,0.0
2021-11-30 04:00:00,0.0
2021-11-30 05:00:00,0.0
2021-11-30 06:00:00,0.0
2021-11-30 07:00:00,0.0
2021-11-30 08:00:00,0.0
2021-11-30 09:00:00,0.0
2021-11-30 10:00:00,0.0
2021-11-30 11:00:00,0.0
2021-11-30 12:00:00,0.0
2021-11-30 13:00:00,0.0
2021-11-30 14:00:00,0.0
2021-11-30 15:00:00,0.0
2021-11-30 16:00:00,0.0
2021-11-30 17:00:00,0.0
2021-11-30 18:00:00,0.0
2021-11-30 19:00:00,0.0
2021-11-30 20:00:00,0.0008663162
2021-11-30 21:00:00,0.0009373296
2021-11-30 22:00:00,0.0010891352
2021-11-30 23:00:00,0.0021922402
2021-12-01 00:00:00,0.0031158328
2021-12-01 01:00:00,0.0019113359
2021-12-01 02:00:00,0.005498121
2021-12-01 03:00:00,0.010666613
2021-12-01 04:00:00,0.01718942
2021-12-01 05:00:00,0.025576446
2021-12-01 06:00:00,0.036231823
2021-12-01 07:00:00,0.045931667
2021-12-01 08:00:00,0.057353176
2021-12-01 09:00:00,0.074279726
2021-12-01 10:00:00,0.098099
2021-12-01 11:00:00,0.12305611
2021-12-01 12:00:00,0.1406666
2021-12-01 13:00:00,0.1519355
2021-12-01 14:00:00,0.16010973
2021-12-01 15:00:00,0.16907138
2021-12-01 16:00:00,0.18221769
2021-12-01 17:00:00,0.2071592
2021-12-01 18:00:00,0.2533577
2021-12-01 19:00:00,0.3074014
2021-12-01 20:00:00,0.35991544
2021-12-01 21:00:00,0.423145
2021-12-01 22:00:00,0.5038441
2021-12-01 23:00:00,0.5751938
2021-12-02 00:00:00,0.6563238
2021-12-02 01:00:00,0.09554122
2021-12-02 02:00:00,0.21210727
2021-12-02 03:00:00,0.39015663
2021-12-02 04:00:00,0.66093576
2021-12-02 05:00:00,1.0453081
2021-12-02 06:00:00,1.5628258
2021-12-02 07:00:00,1.9816281
2021-12-02 08:00:00,2.5491307
2021-12-02 09:00:00,3.3738527
2021-12-02 10:00:00,4.32918
2021-12-02 11:00:00,5.365977
2021-12-02 12:00:00,6.5577993
2021-12-02 13:00:00,7.8235693
2021-12-02 14:00:00,9.074167
2021-12-02 15:00:00,10.260544
2021-12-02 16:00:00,11.4079
2021-12-02 17:00:00,12.418405
2021-12-02 18:00:00,13.316305
2021-12-02 19:00:00,14.663578
2021-12-02 20:00:00,15.862951
2021-12-02 21:00:00,16.981674
2021-12-02 22:00:00,17.735672
2021-12-02 23:00:00,18.502102
2021-12-03 00:00:00,19.088448
2021-12-03 01:00:00,0.5164511
2021-12-03 02:00:00,0.991856
2021-12-03 03:00:00,1.4202404
2021-12-03 04:00:00,1.7413379
2021-12-03 05:00:00,2.258792
2021-12-03 06:00:00,3.0677428
2021-12-03 07:00:00,3.8501678
2021-12-03 08:00:00,4.4252243
2021-12-03 09:00:00,4.8664236
2021-12-03 10:00:00,5.193198
2021-12-03 11:00:00,5.3865323
2021-12-03 12:00:00,5.502223
2021-12-03 13:00:00,5.6187215
2021-12-03 14:00:00,5.645719
2021-12-03 15:00:00,5.6598835
2021-12-03 16:00:00,5.66311
2021-12-03 17:00:00,5.6645927
2021-12-03 18:00:00,5.6655817
2021-12-03 19:00:00,5.666637
2021-12-03 20:00:00,5.667411
2021-12-03 21:00:00,5.668354
2021-12-03 22:00:00,5.6688604
2021-12-03 23:00:00,5.669304
2021-12-04 00:00:00,5.669778
2021-12-04 01:00:00,0.00039568113
2021-12-04 02:00:00,0.0006989576
2021-12-04 03:00:00,0.0008152565
2021-12-04 04:00:00,0.0008827774
2021-12-04 05:00:00,0.0009276555
2021-12-04 06:00:00,0.0009420328
2021-12-04 07:00:00,0.0009422656
2021-12-04 08:00:00,0.0009422656
2021-12-04 09:00:00,0.0009422656
2021-12-04 10:00:00,0.0009422656
2021-12-04 11:00:00,0.0017962418
2021-12-04 12:00:00,0.0017962418
2021-12-04 13:00:00,0.0017962418
2021-12-04 14:00:00,0.0017962418
2021-12-04 15:00:00,0.0026588794
2021-12-04 16:00:00,0.0026545487
2021-12-04 17:00:00,0.0026545487
2021-12-04 18:00:00,0.0028380193
2021-12-04 19:00:00,0.003183959
2021-12-04 20:00:00,0.010936009
2021-12-04 21:00:00,0.024027316
2021-12-04 22:00:00,0.05210126
2021-12-04 23:00:00,0.06751646
2021-12-05 00:00:00,0.07054298
2021-12-05 01:00:00,0.0013673853
2021-12-05 02:00:00,0.0023504253
2021-12-05 03:00:00,0.0033411197
2021-12-05 04:00:00,0.004282687
2021-12-05 05:00:00,0.006490038
2021-12-05 06:00:00,0.027897768
2021-12-05 07:00:00,0.13888557
2021-12-05 08:00:00,0.68258286
2021-12-05 09:00:00,1.3790112
2021-12-05 10:00:00,2.512869
2021-12-05 11:00:00,3.2308662
2021-12-05 12:00:00,3.8117416
2021-12-05 13:00:00,4.2371635
2021-12-05 14:00:00,4.4885845
2021-12-05 15:00:00,4.645583
2021-12-05 16:00:00,4.8042355
2021-12-05 17:00:00,4.9577646
2021-12-05 18:00:00,5.200422
2021-12-05 19:00:00,5.3802333
2021-12-05 20:00:00,5.524687
2021-12-05 21:00:00,5.663032
2021-12-05 22:00:00,5.9267287
2021-12-05 23:00:00,6.606295
2021-12-06 00:00:00,7.454302
2021-12-06 01:00:00,1.0564897
2021-12-06 02:00:00,2.4611013
2021-12-06 03:00:00,3.824352
2021-12-06 04:00:00,5.133792
2021-12-06 05:00:00,6.291812
2021-12-06 06:00:00,7.208991
2021-12-06 07:00:00,8.416012
2021-12-06 08:00:00,9.445578
2021-12-06 09:00:00,10.047379
2021-12-06 10:00:00,10.500073
2021-12-06 11:00:00,10.799529
2021-12-06 12:00:00,10.918429
2021-12-06 13:00:00,10.980988
2021-12-06 14:00:00,10.996702
2021-12-06 15:00:00,11.000528
2021-12-06 16:00:00,11.002142
2021-12-06 17:00:00,11.00327
2021-12-06 18:00:00,11.004307
2021-12-06 19:00:00,11.00527
2021-12-06 20:00:00,11.006176
2021-12-06 21:00:00,11.007205
2021-12-06 22:00:00,11.008423
2021-12-06 23:00:00,11.009895
2021-12-07 00:00:00,11.011372
2021-12-07 01:00:00,0.0009823416
2021-12-07 02:00:00,0.0016753911
2021-12-07 03:00:00,0.002089073
2021-12-07 04:00:00,0.0023170724
2021-12-07 05:00:00,0.00238535
2021-12-07 06:00:00,0.0024064211
2021-12-07 07:00:00,0.002424349
2021-12-07 08:00:00,0.0032756478
2021-12-07 09:00:00,0.003280188
2021-12-07 10:00:00,0.003284379
2021-12-07 11:00:00,0.0032867072
2021-12-07 12:00:00,0.0032830983
2021-12-07 13:00:00,0.0032830983
2021-12-07 14:00:00,0.0032830983
2021-12-07 15:00:00,0.0032830983
2021-12-07 16:00:00,0.0032830983
2021-12-07 17:00:00,0.0032830983
2021-12-07 18:00:00,0.0032830983
2021-12-07 19:00:00,0.0032830983
2021-12-07 20:00:00,0.0041470993
2021-12-07 21:00:00,0.0041464493
2021-12-07 22:00:00,0.0041449824
2021-12-07 23:00:00,0.004149984
2021-12-08 00:00:00,0.0041506826
2021-12-08 01:00:00,1.094304e-05
2021-12-08 02:00:00,6.213668e-05
2021-12-08 03:00:00,0.0004764879
2021-12-08 04:00:00,0.0016750419
2021-12-08 05:00:00,0.0037956052
2021-12-08 06:00:00,0.005890266
2021-12-08 07:00:00,0.006743241
2021-12-08 08:00:00,0.007319497
2021-12-08 09:00:00,0.007645809
2021-12-08 10:00:00,0.0077005243
2021-12-08 11:00:00,0.0077008735
2021-12-08 12:00:00,0.0077008735
2021-12-08 13:00:00,0.0077034347
2021-12-08 14:00:00,0.0077062286
2021-12-08 15:00:00,0.007716706
2021-12-08 16:00:00,0.007737195
2021-12-08 17:00:00,0.0077479053
2021-12-08 18:00:00,0.0077506993
2021-12-08 19:00:00,0.007751165
2021-12-08 20:00:00,0.007752329
2021-12-08 21:00:00,0.007753726
2021-12-08 22:00:00,0.007755123
2021-12-08 23:00:00,0.0077558216
2021-12-09 00:00:00,0.007756753
2021-12-09 01:00:00,0.0
2021-12-09 02:00:00,0.0
2021-12-09 03:00:00,6.9849193e-07
2021-12-09 04:00:00,6.9849193e-07
2021-12-09 05:00:00,2.9220246e-05
2021-12-09 06:00:00,2.9336661e-05
2021-12-09 07:00:00,2.9336661e-05
2021-12-09 08:00:00,0.003624009
2021-12-09 09:00:00,0.0050615054
2021-12-09 10:00:00,0.008835224
2021-12-09 11:00:00,0.008835224
2021-12-09 12:00:00,0.008835923
2021-12-09 13:00:00,0.008835923
2021-12-09 14:00:00,0.008844072
2021-12-09 15:00:00,0.009444263
2021-12-09 16:00:00,0.009507593
2021-12-09 17:00:00,0.009634253
2021-12-09 18:00:00,0.009719469
2021-12-09 19:00:00,0.009774184
2021-12-09 20:00:00,0.010378609
2021-12-09 21:00:00,0.010416796
2021-12-09 22:00:00,0.010452578
2021-12-09 23:00:00,0.010552928
2021-12-10 00:00:00,0.010652812
2021-12-10 01:00:00,9.173527e-05
2021-12-10 02:00:00,0.00011222437
2021-12-10 03:00:00,0.00013725366
2021-12-10 04:00:00,0.0001626322
2021-12-10 05:00:00,0.00016379636
2021-12-10 06:00:00,0.00016379636
2021-12-10 07:00:00,0.00016379636
2021-12-10 08:00:00,0.00016379636
2021-12-10 09:00:00,0.00016379636
2021-12-10 10:00:00,0.0010235934
2021-12-10 11:00:00,0.0010235934
2021-12-10 12:00:00,0.0010235934
2021-12-10 13:00:00,0.0010235934
2021-12-10 14:00:00,0.0010174233
2021-12-10 15:00:00,0.0010174233
2021-12-10 16:00:00,0.0010174233
2021-12-10 17:00:00,0.0010174233
2021-12-10 18:00:00,0.0010174233
2021-12-10 19:00:00,0.0010174233
2021-12-10 20:00:00,0.0010174233
2021-12-10 21:00:00,0.0010174233
2021-12-10 22:00:00,0.0010174233
2021-12-10 23:00:00,0.0010174233
2021-12-11 00:00:00,0.0010174233
2021-12-11 01:00:00,0.0
2021-12-11 02:00:00,0.0
2021-12-11 03:00:00,0.0
2021-12-11 04:00:00,0.0
2021-12-11 05:00:00,0.0
2021-12-11 06:00:00,0.0
2021-12-11 07:00:00,0.0
2021-12-11 08:00:00,0.0
2021-12-11 09:00:00,0.0
2021-12-11 10:00:00,0.00085234636
2021-12-11 11:00:00,0.00085234636
2021-12-11 12:00:00,0.00085234636
2021-12-11 13:00:00,0.00085234636
2021-12-11 14:00:00,0.0012874597
2021-12-11 15:00:00,0.0012874597
2021-12-11 16:00:00,0.0012874597
2021-12-11 17:00:00,0.0012874597
2021-12-11 18:00:00,0.0012874597
2021-12-11 19:00:00,0.0012874597
2021-12-11 20:00:00,0.0012874597
2021-12-11 21:00:00,0.0012874597
2021-12-11 22:00:00,0.0012874597
2021-12-11 23:00:00,0.0012874597
2021-12-12 00:00:00,0.0012874597
2021-12-12 01:00:00,3.929017e-06
2021-12-12 02:00:00,9.778887e-05
2021-12-12 03:00:00,0.00041589374
2021-12-12 04:00:00,0.00067777
2021-12-12 05:00:00,0.000735512
2021-12-12 06:00:00,0.0007424969
2021-12-12 07:00:00,0.000773347
2021-12-12 08:00:00,0.0008388888
2021-12-12 09:00:00,0.0013187528
2021-12-12 10:00:00,0.0021161977
2021-12-12 11:00:00,0.0027052592
2021-12-12 12:00:00,0.0028931536
2021-12-12 13:00:00,0.0030035153
2021-12-12 14:00:00,0.0032507814
2021-12-12 15:00:00,0.0038766302
2021-12-12 16:00:00,0.0051283278
2021-12-12 17:00:00,0.0076126307
2021-12-12 18:00:00,0.012238976
2021-12-12 19:00:00,0.01634052
2021-12-12 20:00:00,0.018161256
2021-12-12 21:00:00,0.018698163
2021-12-12 22:00:00,0.018747058
2021-12-12 23:00:00,0.018747058
2021-12-13 00:00:00,0.018747058
2021-12-13 01:00:00,0.0
2021-12-13 02:00:00,0.0
2021-12-13 03:00:00,5.9371814e-06
2021-12-13 04:00:00,8.835923e-05
2021-12-13 05:00:00,0.0003806781
2021-12-13 06:00:00,0.0012292294
2021-12-13 07:00:00,0.0036971178
2021-12-13 08:00:00,0.013089739
2021-12-13 09:00:00,0.021024026
2021-12-13 10:00:00,0.029680436
2021-12-13 11:00:00,0.038038008
2021-12-13 12:00:00,0.045581255
2021-12-13 13:00:00,0.051581763
2021-12-13 14:00:00,0.057833504
2021-12-13 15:00:00,0.06582076
2021-12-13 16:00:00,0.0756355
2021-12-13 17:00:00,0.0841524
2021-12-13 18:00:00,0.08877805
2021-12-13 19:00:00,0.08995286
2021-12-13 20:00:00,0.09009954
2021-12-13 21:00:00,0.09016986
2021-12-13 22:00:00,0.090234354
2021-12-13 23:00:00,0.09036008
2021-12-14 00:00:00,0.090463
2021-12-14 01:00:00,0.00016749254
2021-12-14 02:00:00,0.00046467176
2021-12-14 03:00:00,0.000773638
2021-12-14 04:00:00,0.0010388903
2021-12-14 05:00:00,0.0013150275
2021-12-14 06:00:00,0.0027918722
2021-12-14 07:00:00,0.038225204
2021-12-14 08:00:00,0.07343874
2021-12-14 09:00:00,0.15017182
2021-12-14 10:00:00,0.2605666
2021-12-14 11:00:00,0.34488437
2021-12-14 12:00:00,0.41149744
2021-12-14 13:00:00,0.45925424
2021-12-14 14:00:00,0.4869718
2021-12-14 15:00:00,0.5025705
2021-12-14 16:00:00,0.5079672
2021-12-14 17:00:00,0.5099972
2021-12-14 18:00:00,0.51154405
2021-12-14 19:00:00,0.5130255
2021-12-14 20:00:00,0.51446766
2021-12-14 21:00:00,0.5157256
2021-12-14 22:00:00,0.5166842
2021-12-14 23:00:00,0.5174656
2021-12-15 00:00:00,0.5183957
2021-12-15 01:00:00,0.0006109185
2021-12-15 02:00:00,0.0012387172
2021-12-15 03:00:00,0.0017735874
2021-12-15 04:00:00,0.0020370353
2021-12-15 05:00:00,0.002200366
2021-12-15 06:00:00,0.0023326138
2021-12-15 07:00:00,0.0037554419
2021-12-15 08:00:00,0.013822224
2021-12-15 09:00:00,0.021873508
2021-12-15 10:00:00,0.026296591
2021-12-15 11:00:00,0.032514103
2021-12-15 12:00:00,0.037634045
2021-12-15 13:00:00,0.040488783
2021-12-15 14:00:00,0.04124036
2021-12-15 15:00:00,0.041530468
2021-12-15 16:00:00,0.041806605
2021-12-15 17:00:00,0.04196493
2021-12-15 18:00:00,0.04209578
2021-12-15 19:00:00,0.04258193
2021-12-15 20:00:00,0.04316317
2021-12-15 21:00:00,0.04328331
2021-12-15 22:00:00,0.04329169
2021-12-15 23:00:00,0.04329169
2021-12-16 00:00:00,0.04329169
2021-12-16 01:00:00,0.0
2021-12-16 02:00:00,0.0
2021-12-16 03:00:00,0.0
2021-12-16 04:00:00,2.3166649e-05
2021-12-16 05:00:00,3.736932e-05
2021-12-16 06:00:00,3.736932e-05
2021-12-16 07:00:00,0.008018687
2021-12-16 08:00:00,0.017473241
2021-12-16 09:00:00,0.025694259
2021-12-16 10:00:00,0.0487112
2021-12-16 11:00:00,0.06748876
2021-12-16 12:00:00,0.09731227
2021-12-16 13:00:00,0.12755698
2021-12-16 14:00:00,0.1559034
2021-12-16 15:00:00,0.17936808
2021-12-16 16:00:00,0.19980362
2021-12-16 17:00:00,0.22515468
2021-12-16 18:00:00,0.24845171
2021-12-16 19:00:00,0.27131617
2021-12-16 20:00:00,0.29064387
2021-12-16 21:00:00,0.30195153
2021-12-16 22:00:00,0.30944633
2021-12-16 23:00:00,0.3145309
2021-12-17 00:00:00,0.31861895
2021-12-17 01:00:00,0.003911118
2021-12-17 02:00:00,0.007171475
2021-12-17 03:00:00,0.0096971635
2021-12-17 04:00:00,0.011975062
2021-12-17 05:00:00,0.01394446
2021-12-17 06:00:00,0.015927829
2021-12-17 07:00:00,0.043338045
2021-12-17 08:00:00,0.087363996
2021-12-17 09:00:00,0.16712071
2021-12-17 10:00:00,0.2951545
2021-12-17 11:00:00,0.45674244
2021-12-17 12:00:00,0.64889455
2021-12-17 13:00:00,0.8181566
2021-12-17 14:00:00,0.96609277
2021-12-17 15:00:00,1.0628796
2021-12-17 16:00:00,1.1278814
2021-12-17 17:00:00,1.1702327
2021-12-17 18:00:00,1.2008755
2021-12-17 19:00:00,1.2141808
2021-12-17 20:00:00,1.2227361
2021-12-17 21:00:00,1.2309271
2021-12-17 22:00:00,1.2369709
2021-12-17 23:00:00,1.2485256
2021-12-18 00:00:00,1.2651386
2021-12-18 01:00:00,0.049957365
2021-12-18 02:00:00,0.09141444
2021-12-18 03:00:00,0.12943056
2021-12-18 04:00:00,0.15926722
2021-12-18 05:00:00,0.17261305
2021-12-18 06:00:00,0.1832349
2021-12-18 07:00:00,0.1943009
2021-12-18 08:00:00,0.4141347
2021-12-18 09:00:00,0.5267048
2021-12-18 10:00:00,0.5461476
2021-12-18 11:00:00,0.55182743
2021-12-18 12:00:00,0.5527153
2021-12-18 13:00:00,0.55293834
2021-12-18 14:00:00,0.5530261
2021-12-18 15:00:00,0.553071
2021-12-18 16:00:00,0.5530743
2021-12-18 17:00:00,0.5530743
2021-12-18 18:00:00,0.5530771
2021-12-18 19:00:00,0.55532575
2021-12-18 20:00:00,0.5576047
2021-12-18 21:00:00,0.5586119
2021-12-18 22:00:00,0.55914885
2021-12-18 23:00:00,0.5595009
2021-12-19 00:00:00,0.5600797
2021-12-19 01:00:00,0.00020125299
2021-12-19 02:00:00,0.0002013985
2021-12-19 03:00:00,0.00020128209
2021-12-19 04:00:00,0.00020128209
2021-12-19 05:00:00,0.00020128209
2021-12-19 06:00:00,0.00020128209
2021-12-19 07:00:00,0.00020128209
2021-12-19 08:00:00,0.00020128209
2021-12-19 09:00:00,0.00020116568
2021-12-19 10:00:00,0.00020116568
2021-12-19 11:00:00,0.00020116568
2021-12-19 12:00:00,0.00020116568
2021-12-19 13:00:00,0.00020116568
2021-12-19 14:00:00,0.00020116568
2021-12-19 15:00:00,0.00020070001
2021-12-19 16:00:00,0.00020070001
2021-12-19 17:00:00,0.00020070001
2021-12-19 18:00:00,0.00020070001
2021-12-19 19:00:00,0.00020070001
2021-12-19 20:00:00,0.00020070001
2021-12-19 21:00:00,0.00020070001
2021-12-19 22:00:00,0.00020070001
2021-12-19 23:00:00,0.00020070001
2021-12-20 00:00:00,0.00020070001
2021-12-20 01:00:00,0.0
2021-12-20 02:00:00,0.0
2021-12-20 03:00:00,0.0
2021-12-20 04:00:00,0.0
2021-12-20 05:00:00,0.0
2021-12-20 06:00:00,0.0
2021-12-20 07:00:00,0.00042766327
2021-12-20 08:00:00,0.00042766327
2021-12-20 09:00:00,0.00043511385
2021-12-20 10:00:00,0.00043511385
2021-12-20 11:00:00,0.00043511385
2021-12-20 12:00:00,0.00043511385
2021-12-20 13:00:00,0.00043511385
2021-12-20 14:00:00,0.0012929795
2021-12-20 15:00:00,0.0012784639
2021-12-20 16:00:00,0.0012945011
2021-12-20 17:00:00,0.0012945011
2021-12-20 18:00:00,0.0012945011
2021-12-20 19:00:00,0.0012934207
2021-12-20 20:00:00,0.0012934207
2021-12-20 21:00:00,0.0012934207
2021-12-20 22:00:00,0.002124859
2021-12-20 23:00:00,0.0038994942
2021-12-21 00:00:00,0.025671953
2021-12-21 01:00:00,0.06613279
2021-12-21 02:00:00,0.105017655
2021-12-21 03:00:00,0.12567616
2021-12-21 04:00:00,0.1339729
2021-12-21 05:00:00,0.14489841
2021-12-21 06:00:00,0.17169641
2021-12-21 07:00:00,0.24593818
2021-12-21 08:00:00,0.34433588
2021-12-21 09:00:00,0.52366275
2021-12-21 10:00:00,0.7407508
2021-12-21 11:00:00,0.92603946
2021-12-21 12:00:00,1.2137371
2021-12-21 13:00:00,1.5816087
2021-12-21 14:00:00,2.0054495
2021-12-21 15:00:00,2.4323082
2021-12-21 16:00:00,2.6402419
2021-12-21 17:00:00,2.735171
2021-12-21 18:00:00,2.8300219
2021-12-21 19:00:00,2.9256406
2021-12-21 20:00:00,3.0779715
2021-12-21 21:00:00,3.238575
2021-12-21 22:00:00,3.406289
2021-12-21 23:00:00,3.6229131
2021-12-22 00:00:00,3.7711499
2021-12-22 01:00:00,0.09507573
2021-12-22 02:00:00,0.12637173
2021-12-22 03:00:00,0.13953692
2021-12-22 04:00:00,0.16491638
2021-12-22 05:00:00,0.17253438
2021-12-22 06:00:00,0.17353277
2021-12-22 07:00:00,0.1892394
2021-12-22 08:00:00,0.217425
2021-12-22 09:00:00,0.26424018
2021-12-22 10:00:00,0.3734693
2021-12-22 11:00:00,0.47696877
2021-12-22 12:00:00,0.7271605
2021-12-22 13:00:00,0.80038524
2021-12-22 14:00:00,0.8477608
2021-12-22 15:00:00,0.92452294
2021-12-22 16:00:00,1.0395287
2021-12-22 17:00:00,1.112851
2021-12-22 18:00:00,1.1707172
2021-12-22 19:00:00,1.3179888
2021-12-22 20:00:00,1.4340198
2021-12-22 21:00:00,1.5412366
2021-12-22 22:00:00,1.6553802
2021-12-22 23:00:00,1.7999703
2021-12-23 00:00:00,1.9229302
2021-12-23 01:00:00,0.12973556
2021-12-23 02:00:00,0.26569062
2021-12-23 03:00:00,0.37846947
2021-12-23 04:00:00,0.47448283
2021-12-23 05:00:00,0.57540715
2021-12-23 06:00:00,0.67958784
2021-12-23 07:00:00,0.82761663
2021-12-23 08:00:00,0.928944
2021-12-23 09:00:00,1.0269806
2021-12-23 10:00:00,1.155257
2021-12-23 11:00:00,1.2614229
2021-12-23 12:00:00,1.3722689
2021-12-23 13:00:00,1.6901128
2021-12-23 14:00:00,1.832546
2021-12-23 15:00:00,2.1273546
2021-12-23 16:00:00,2.3417706
2021-12-23 17:00:00,2.4852557
2021-12-23 18:00:00,2.6583374
2021-12-23 19:00:00,2.8797677
2021-12-23 20:00:00,3.1106625
2021-12-23 21:00:00,3.3274848
2021-12-23 22:00:00,3.5241933
2021-12-23 23:00:00,3.6355743
2021-12-24 00:00:00,3.7456589
2021-12-24 01:00:00,0.109636724
2021-12-24 02:00:00,0.21595702
2021-12-24 03:00:00,0.31597507
2021-12-24 04:00:00,0.4023251
2021-12-24 05:00:00,0.45855913
2021-12-24 06:00:00,0.49559036
2021-12-24 07:00:00,0.5363778
2021-12-24 08:00:00,0.5966012
2021-12-24 09:00:00,0.6701261
2021-12-24 10:00:00,0.7504981
2021-12-24 11:00:00,0.8045006
2021-12-24 12:00:00,0.8763038
2021-12-24 13:00:00,0.9515603
2021-12-24 14:00:00,1.0070934
2021-12-24 15:00:00,1.0700117
2021-12-24 16:00:00,1.155225
2021-12-24 17:00:00,1.2733877
2021-12-24 18:00:00,1.6917596
2021-12-24 19:00:00,1.8026431
2021-12-24 20:00:00,1.9210145
2021-12-24 21:00:00,2.0741673
2021-12-24 22:00:00,2.2132044
2021-12-24 23:00:00,2.3103878
2021-12-25 00:00:00,2.4054015
2021-12-25 01:00:00,0.11279352
2021-12-25 02:00:00,0.2701013
2021-12-25 03:00:00,0.49088502
2021-12-25 04:00:00,0.5805089
2021-12-25 05:00:00,0.6586272
2021-12-25 06:00:00,0.73519754
2021-12-25 07:00:00,0.77800196
2021-12-25 08:00:00,0.81761694
2021-12-25 09:00:00,0.86896783
2021-12-25 10:00:00,0.9589375
2021-12-25 11:00:00,0.9823535
2021-12-25 12:00:00,1.0231037
2021-12-25 13:00:00,1.078268
2021-12-25 14:00:00,1.1700858
2021-12-25 15:00:00,1.2340537
2021-12-25 16:00:00,1.3347934
2021-12-25 17:00:00,1.4376242
2021-12-25 18:00:00,1.5838938
2021-12-25 19:00:00,1.765048
2021-12-25 20:00:00,1.948419
2021-12-25 21:00:00,2.1414552
2021-12-25 22:00:00,2.3362799
2021-12-25 23:00:00,2.5471451
2021-12-26 00:00:00,2.7606297
2021-12-26 01:00:00,0.21426105
2021-12-26 02:00:00,0.40688774
2021-12-26 03:00:00,0.6341107
2021-12-26 04:00:00,0.905658
2021-12-26 05:00:00,1.1787565
2021-12-26 06:00:00,1.4265155
2021-12-26 07:00:00,1.709325
2021-12-26 08:00:00,1.9585321
2021-12-26 09:00:00,2.1886325
2021-12-26 10:00:00,2.4561071
2021-12-26 11:00:00,2.770812
2021-12-26 12:00:00,3.0979974
2021-12-26 13:00:00,3.477265
2021-12-26 14:00:00,3.8411458
2021-12-26 15:00:00,4.2462797
2021-12-26 16:00:00,4.6102276
2021-12-26 17:00:00,4.9261913
2021-12-26 18:00:00,5.21054
2021-12-26 19:00:00,5.480731
2021-12-26 20:00:00,5.6737595
2021-12-26 21:00:00,5.8218756
2021-12-26 22:00:00,5.9318
2021-12-26 23:00:00,5.9985447
2021-12-27 00:00:00,6.1198997
2021-12-27 01:00:00,0.031288218
2021-12-27 02:00:00,0.052145798
2021-12-27 03:00:00,0.0634616
2021-12-27 04:00:00,0.065709576
2021-12-27 05:00:00,0.0669522
2021-12-27 06:00:00,0.0682181
2021-12-27 07:00:00,0.07834856
2021-12-27 08:00:00,0.11003576
2021-12-27 09:00:00,0.14476548
2021-12-27 10:00:00,0.16296771
2021-12-27 11:00:00,0.16765739
2021-12-27 12:00:00,0.16869138
2021-12-27 13:00:00,0.16889256
2021-12-27 14:00:00,0.1692262
2021-12-27 15:00:00,0.16950373
2021-12-27 16:00:00,0.17014378
2021-12-27 17:00:00,0.17065603
2021-12-27 18:00:00,0.17103437
2021-12-27 19:00:00,0.17137732
2021-12-27 20:00:00,0.17180502
2021-12-27 21:00:00,0.17214635
2021-12-27 22:00:00,0.1725799
2021-12-27 23:00:00,0.17273402
2021-12-28 00:00:00,0.1728537
2021-12-28 01:00:00,0.00018475112
2021-12-28 02:00:00,0.000758213
2021-12-28 03:00:00,0.0023223693
2021-12-28 04:00:00,0.0056480058
2021-12-28 05:00:00,0.011658645
2021-12-28 06:00:00,0.04540046
2021-12-28 07:00:00,0.104248405
2021-12-28 08:00:00,0.17171365
2021-12-28 09:00:00,0.2715193
2021-12-28 10:00:00,0.5173653
2021-12-28 11:00:00,0.7331802
2021-12-28 12:00:00,0.9534326
2021-12-28 13:00:00,1.1827652
2021-12-28 14:00:00,1.3079119
2021-12-28 15:00:00,1.4256551
2021-12-28 16:00:00,1.5598333
2021-12-28 17:00:00,1.7211063
2021-12-28 18:00:00,1.9783949
2021-12-28 19:00:00,2.3069377
2021-12-28 20:00:00,2.766285
2021-12-28 21:00:00,3.466514
2021-12-28 22:00:00,4.3273535
2021-12-28 23:00:00,5.2153444
2021-12-29 00:00:00,6.027031
2021-12-29 01:00:00,0.59212804
2021-12-29 02:00:00,1.0242395
2021-12-29 03:00:00,1.3401408
2021-12-29 04:00:00,1.5696248
2021-12-29 05:00:00,1.7412786
2021-12-29 06:00:00,1.8762228
2021-12-29 07:00:00,1.918345
2021-12-29 08:00:00,2.0019236
2021-12-29 09:00:00,2.0830376
2021-12-29 10:00:00,2.2385578
2021-12-29 11:00:00,2.282262
2021-12-29 12:00:00,2.316861
2021-12-29 13:00:00,2.3222332
2021-12-29 14:00:00,2.325354
2021-12-29 15:00:00,2.3283544
2021-12-29 16:00:00,2.329476
2021-12-29 17:00:00,2.3301387
2021-12-29 18:00:00,2.3311343
2021-12-29 19:00:00,2.3327136
2021-12-29 20:00:00,2.3331978
2021-12-29 21:00:00,2.3333743
2021-12-29 22:00:00,2.333477
2021-12-29 23:00:00,2.3335462
2021-12-30 00:00:00,2.3335786
2021-12-30 01:00:00,2.0110747e-05
2021-12-30 02:00:00,3.486639e-05
2021-12-30 03:00:00,4.5169145e-05
2021-12-30 04:00:00,4.8894435e-05
2021-12-30 05:00:00,5.0873496e-05
2021-12-30 06:00:00,5.0873496e-05
2021-12-30 07:00:00,0.00047914218
2021-12-30 08:00:00,0.00057320576
2021-12-30 09:00:00,0.0008761184
2021-12-30 10:00:00,0.001091836
2021-12-30 11:00:00,0.0011791475
2021-12-30 12:00:00,0.0011791475
2021-12-30 13:00:00,0.0011791475
2021-12-30 14:00:00,0.001610769
2021-12-30 15:00:00,0.001610769
2021-12-30 16:00:00,0.001610769
2021-12-30 17:00:00,0.001610769
2021-12-30 18:00:00,0.001610769
2021-12-30 19:00:00,0.0024649845
2021-12-30 20:00:00,0.002467732
2021-12-30 21:00:00,0.002467732
2021-12-30 22:00:00,0.0024679396
2021-12-30 23:00:00,0.0024681217
2021-12-31 00:00:00,0.0024681217
2021-12-31 01:00:00,0.0
2021-12-31 02:00:00,1.3154931e-05
2021-12-31 03:00:00,0.00010977965
2021-12-31 04:00:00,0.0006442424
2021-12-31 05:00:00,0.0025063055
2021-12-31 06:00:00,0.004728441
2021-12-31 07:00:00,0.0053822296
2021-12-31 08:00:00,0.006014481
2021-12-31 09:00:00,0.0062485924
2021-12-31 10:00:00,0.0062864274
2021-12-31 11:00:00,0.0071448274
2021-12-31 12:00:00,0.0071422663
2021-12-31 13:00:00,0.0071422663
2021-12-31 14:00:00,0.0071422663
2021-12-31 15:00:00,0.0071422663
2021-12-31 16:00:00,0.0071422663
2021-12-31 17:00:00,0.0071448274
2021-12-31 18:00:00,0.0071448274
2021-12-31 19:00:00,0.0071448274
2021-12-31 20:00:00,0.007152278
2021-12-31 21:00:00,0.007165782
2021-12-31 22:00:00,0.007165782
2021-12-31 23:00:00,0.007165782
